INFO 2025-05-19 15:34:25,890 autoreload Watching for file changes with StatReloader
INFO 2025-05-19 15:34:38,913 basehttp "GET / HTTP/1.1" 200 2878
INFO 2025-05-19 15:34:38,929 basehttp "GET /static/css/styles.css HTTP/1.1" 304 0
INFO 2025-05-19 15:34:38,933 basehttp "GET /media/news_images/%D0%A1%D0%BD%D0%B8%D0%BC%D0%BE%D0%BA_%D1%8D%D0%BA%D1%80%D0%B0%D0%BD%D0%B0_%D0%BE%D1%82_2025-03-12_20-36-58.png HTTP/1.1" 304 0
WARNING 2025-05-19 15:34:38,988 log Not Found: /favicon.ico
WARNING 2025-05-19 15:34:38,988 basehttp "GET /favicon.ico HTTP/1.1" 404 12737
INFO 2025-05-19 15:35:25,765 basehttp "GET /login/ HTTP/1.1" 200 705
INFO 2025-05-19 15:35:34,637 basehttp "POST /login/ HTTP/1.1" 302 0
INFO 2025-05-19 15:35:38,056 basehttp "GET / HTTP/1.1" 200 2999
INFO 2025-05-19 15:36:16,124 basehttp "GET / HTTP/1.1" 200 3071
INFO 2025-05-19 15:36:49,949 basehttp "GET /crud/ HTTP/1.1" 200 2127
INFO 2025-05-19 15:36:50,229 basehttp "GET /crud/ HTTP/1.1" 200 2127
INFO 2025-05-19 15:36:58,432 basehttp "GET /crud/car-types/ HTTP/1.1" 200 2278
INFO 2025-05-19 15:37:00,302 basehttp "GET /crud/car-types/add/ HTTP/1.1" 200 2319
INFO 2025-05-19 15:37:27,812 crud_views CarType created: Грузовик
INFO 2025-05-19 15:37:27,813 basehttp "POST /crud/car-types/add/ HTTP/1.1" 302 0
INFO 2025-05-19 15:37:27,823 basehttp "GET /crud/car-types/ HTTP/1.1" 200 2537
INFO 2025-05-19 15:41:58,053 autoreload /home/denis/IGI_LabWorks/IGI/LR5/CarApp/CarApp/cars/urls.py changed, reloading.
INFO 2025-05-19 15:41:58,307 autoreload Watching for file changes with StatReloader
INFO 2025-05-19 15:44:04,630 autoreload /home/denis/IGI_LabWorks/IGI/LR5/CarApp/CarApp/cars/urls.py changed, reloading.
INFO 2025-05-19 15:44:04,855 autoreload Watching for file changes with StatReloader
INFO 2025-05-19 15:44:08,824 basehttp "GET /crud/car-types/ HTTP/1.1" 200 2537
ERROR 2025-05-19 15:45:04,290 log Internal Server Error: /crud/car-types/
Traceback (most recent call last):
  File "/home/denis/.local/lib/python3.10/site-packages/django/core/handlers/exception.py", line 55, in inner
    response = get_response(request)
  File "/home/denis/.local/lib/python3.10/site-packages/django/core/handlers/base.py", line 220, in _get_response
    response = response.render()
  File "/home/denis/.local/lib/python3.10/site-packages/django/template/response.py", line 114, in render
    self.content = self.rendered_content
  File "/home/denis/.local/lib/python3.10/site-packages/django/template/response.py", line 92, in rendered_content
    return template.render(context, self._request)
  File "/home/denis/.local/lib/python3.10/site-packages/django/template/backends/django.py", line 107, in render
    return self.template.render(context)
  File "/home/denis/.local/lib/python3.10/site-packages/django/template/base.py", line 171, in render
    return self._render(context)
  File "/home/denis/.local/lib/python3.10/site-packages/django/template/base.py", line 163, in _render
    return self.nodelist.render(context)
  File "/home/denis/.local/lib/python3.10/site-packages/django/template/base.py", line 1016, in render
    return SafeString("".join([node.render_annotated(context) for node in self]))
  File "/home/denis/.local/lib/python3.10/site-packages/django/template/base.py", line 1016, in <listcomp>
    return SafeString("".join([node.render_annotated(context) for node in self]))
  File "/home/denis/.local/lib/python3.10/site-packages/django/template/base.py", line 977, in render_annotated
    return self.render(context)
  File "/home/denis/.local/lib/python3.10/site-packages/django/template/loader_tags.py", line 134, in render
    compiled_parent = self.get_parent(context)
  File "/home/denis/.local/lib/python3.10/site-packages/django/template/loader_tags.py", line 131, in get_parent
    return self.find_template(parent, context)
  File "/home/denis/.local/lib/python3.10/site-packages/django/template/loader_tags.py", line 109, in find_template
    template, origin = context.template.engine.find_template(
  File "/home/denis/.local/lib/python3.10/site-packages/django/template/engine.py", line 159, in find_template
    template = loader.get_template(name, skip=skip)
  File "/home/denis/.local/lib/python3.10/site-packages/django/template/loaders/cached.py", line 57, in get_template
    template = super().get_template(template_name, skip)
  File "/home/denis/.local/lib/python3.10/site-packages/django/template/loaders/base.py", line 28, in get_template
    return Template(
  File "/home/denis/.local/lib/python3.10/site-packages/django/template/base.py", line 154, in __init__
    self.nodelist = self.compile_nodelist()
  File "/home/denis/.local/lib/python3.10/site-packages/django/template/base.py", line 196, in compile_nodelist
    nodelist = parser.parse()
  File "/home/denis/.local/lib/python3.10/site-packages/django/template/base.py", line 518, in parse
    raise self.error(token, e)
  File "/home/denis/.local/lib/python3.10/site-packages/django/template/base.py", line 516, in parse
    compiled_result = compile_func(self, token)
  File "/home/denis/.local/lib/python3.10/site-packages/django/template/loader_tags.py", line 228, in do_block
    raise TemplateSyntaxError(
django.template.exceptions.TemplateSyntaxError: 'block' tag with name 'content' appears more than once
ERROR 2025-05-19 15:45:04,291 basehttp "GET /crud/car-types/ HTTP/1.1" 500 182876
INFO 2025-05-19 15:45:16,110 basehttp "GET /crud/car-types/ HTTP/1.1" 200 3651
INFO 2025-05-19 15:45:18,467 basehttp "GET /crud/car-types/ HTTP/1.1" 200 3651
INFO 2025-05-19 15:45:18,965 basehttp "GET /crud/car-types/ HTTP/1.1" 200 3651
INFO 2025-05-19 15:45:19,421 basehttp "GET /crud/car-types/ HTTP/1.1" 200 3651
INFO 2025-05-19 15:45:20,284 basehttp "GET /crud/car-types/ HTTP/1.1" 200 3651
INFO 2025-05-19 15:45:20,717 basehttp "GET /crud/car-types/ HTTP/1.1" 200 3651
INFO 2025-05-19 15:46:08,177 autoreload /home/denis/IGI_LabWorks/IGI/LR5/CarApp/CarApp/cars/views.py changed, reloading.
INFO 2025-05-19 15:46:08,417 autoreload Watching for file changes with StatReloader
INFO 2025-05-19 15:49:05,643 basehttp "GET / HTTP/1.1" 200 4079
INFO 2025-05-19 15:49:18,264 basehttp "GET / HTTP/1.1" 200 4109
INFO 2025-05-19 15:49:59,856 autoreload /home/denis/IGI_LabWorks/IGI/LR5/CarApp/CarApp/cars/views.py changed, reloading.
INFO 2025-05-19 15:50:00,093 autoreload Watching for file changes with StatReloader
INFO 2025-05-19 15:50:27,149 basehttp "GET / HTTP/1.1" 200 4246
INFO 2025-05-19 15:50:31,180 basehttp "GET /about/ HTTP/1.1" 200 3463
INFO 2025-05-19 15:50:34,769 basehttp "GET /faq/ HTTP/1.1" 200 3079
INFO 2025-05-19 15:50:35,476 basehttp "GET /news/ HTTP/1.1" 200 3371
INFO 2025-05-19 15:50:38,061 basehttp "GET /about/ HTTP/1.1" 200 3463
INFO 2025-05-19 15:50:38,893 basehttp "GET /news/ HTTP/1.1" 200 3371
INFO 2025-05-19 15:50:41,935 basehttp "GET / HTTP/1.1" 200 4257
INFO 2025-05-19 15:51:52,600 basehttp "GET / HTTP/1.1" 200 4291
INFO 2025-05-19 15:51:55,318 basehttp "GET /faq/ HTTP/1.1" 200 3079
INFO 2025-05-19 15:51:56,908 basehttp "GET /faq/ HTTP/1.1" 200 3079
INFO 2025-05-19 15:52:01,281 basehttp "GET /faq/ HTTP/1.1" 200 4082
INFO 2025-05-19 15:52:06,040 basehttp "GET / HTTP/1.1" 200 5169
INFO 2025-05-19 15:52:15,615 autoreload /home/denis/IGI_LabWorks/IGI/LR5/CarApp/CarApp/cars/views.py changed, reloading.
INFO 2025-05-19 15:52:15,883 autoreload Watching for file changes with StatReloader
INFO 2025-05-19 15:52:18,043 basehttp "GET / HTTP/1.1" 200 5045
INFO 2025-05-19 15:54:11,960 basehttp "GET / HTTP/1.1" 200 5105
INFO 2025-05-19 15:56:02,753 basehttp "GET / HTTP/1.1" 200 5168
INFO 2025-05-19 15:56:12,503 basehttp "GET / HTTP/1.1" 200 5199
INFO 2025-05-19 16:14:40,655 autoreload /home/denis/IGI_LabWorks/IGI/LR5/CarApp/CarApp/cars/views.py changed, reloading.
INFO 2025-05-19 16:14:40,912 autoreload Watching for file changes with StatReloader
INFO 2025-05-19 16:15:01,250 autoreload /home/denis/IGI_LabWorks/IGI/LR5/CarApp/CarApp/cars/views.py changed, reloading.
INFO 2025-05-19 16:15:01,468 autoreload Watching for file changes with StatReloader
INFO 2025-05-19 16:15:34,991 autoreload /home/denis/IGI_LabWorks/IGI/LR5/CarApp/CarApp/cars/views.py changed, reloading.
INFO 2025-05-19 16:15:35,219 autoreload Watching for file changes with StatReloader
INFO 2025-05-19 16:15:57,610 autoreload /home/denis/IGI_LabWorks/IGI/LR5/CarApp/CarApp/cars/views.py changed, reloading.
INFO 2025-05-19 16:15:57,893 autoreload Watching for file changes with StatReloader
INFO 2025-05-19 16:16:05,692 basehttp "GET / HTTP/1.1" 200 5872
INFO 2025-05-19 16:16:43,564 autoreload /home/denis/IGI_LabWorks/IGI/LR5/CarApp/CarApp/cars/views.py changed, reloading.
INFO 2025-05-19 16:16:43,801 autoreload Watching for file changes with StatReloader
INFO 2025-05-19 16:16:47,998 autoreload /home/denis/IGI_LabWorks/IGI/LR5/CarApp/CarApp/cars/views.py changed, reloading.
INFO 2025-05-19 16:16:48,250 autoreload Watching for file changes with StatReloader
INFO 2025-05-19 16:16:54,747 basehttp "GET / HTTP/1.1" 200 5676
INFO 2025-05-19 16:19:06,425 basehttp "GET / HTTP/1.1" 200 5857
INFO 2025-05-19 16:27:59,498 autoreload /home/denis/IGI_LabWorks/IGI/LR5/CarApp/CarApp/cars/forms.py changed, reloading.
INFO 2025-05-19 16:27:59,968 autoreload Watching for file changes with StatReloader
INFO 2025-05-19 16:28:03,182 autoreload /home/denis/IGI_LabWorks/IGI/LR5/CarApp/CarApp/cars/views.py changed, reloading.
INFO 2025-05-19 16:28:03,568 autoreload Watching for file changes with StatReloader
ERROR 2025-05-19 16:32:35,006 log Internal Server Error: /
Traceback (most recent call last):
  File "/home/denis/.local/lib/python3.10/site-packages/django/core/handlers/exception.py", line 55, in inner
    response = get_response(request)
  File "/home/denis/.local/lib/python3.10/site-packages/django/core/handlers/base.py", line 197, in _get_response
    response = wrapped_callback(request, *callback_args, **callback_kwargs)
  File "/home/denis/IGI_LabWorks/IGI/LR5/CarApp/CarApp/cars/views.py", line 46, in mainpage
    return render(request, 'mainpage/mainpage.html', context)
  File "/home/denis/.local/lib/python3.10/site-packages/django/shortcuts.py", line 25, in render
    content = loader.render_to_string(template_name, context, request, using=using)
  File "/home/denis/.local/lib/python3.10/site-packages/django/template/loader.py", line 62, in render_to_string
    return template.render(context, request)
  File "/home/denis/.local/lib/python3.10/site-packages/django/template/backends/django.py", line 107, in render
    return self.template.render(context)
  File "/home/denis/.local/lib/python3.10/site-packages/django/template/base.py", line 171, in render
    return self._render(context)
  File "/home/denis/.local/lib/python3.10/site-packages/django/template/base.py", line 163, in _render
    return self.nodelist.render(context)
  File "/home/denis/.local/lib/python3.10/site-packages/django/template/base.py", line 1016, in render
    return SafeString("".join([node.render_annotated(context) for node in self]))
  File "/home/denis/.local/lib/python3.10/site-packages/django/template/base.py", line 1016, in <listcomp>
    return SafeString("".join([node.render_annotated(context) for node in self]))
  File "/home/denis/.local/lib/python3.10/site-packages/django/template/base.py", line 977, in render_annotated
    return self.render(context)
  File "/home/denis/.local/lib/python3.10/site-packages/django/template/loader_tags.py", line 159, in render
    return compiled_parent._render(context)
  File "/home/denis/.local/lib/python3.10/site-packages/django/template/base.py", line 163, in _render
    return self.nodelist.render(context)
  File "/home/denis/.local/lib/python3.10/site-packages/django/template/base.py", line 1016, in render
    return SafeString("".join([node.render_annotated(context) for node in self]))
  File "/home/denis/.local/lib/python3.10/site-packages/django/template/base.py", line 1016, in <listcomp>
    return SafeString("".join([node.render_annotated(context) for node in self]))
  File "/home/denis/.local/lib/python3.10/site-packages/django/template/base.py", line 977, in render_annotated
    return self.render(context)
  File "/home/denis/.local/lib/python3.10/site-packages/django/template/defaulttags.py", line 480, in render
    url = reverse(view_name, args=args, kwargs=kwargs, current_app=current_app)
  File "/home/denis/.local/lib/python3.10/site-packages/django/urls/base.py", line 98, in reverse
    resolved_url = resolver._reverse_with_prefix(view, prefix, *args, **kwargs)
  File "/home/denis/.local/lib/python3.10/site-packages/django/urls/resolvers.py", line 831, in _reverse_with_prefix
    raise NoReverseMatch(msg)
django.urls.exceptions.NoReverseMatch: Reverse for 'reviews_list' not found. 'reviews_list' is not a valid view function or pattern name.
ERROR 2025-05-19 16:32:35,007 basehttp "GET / HTTP/1.1" 500 173632
INFO 2025-05-19 16:32:42,217 autoreload /home/denis/IGI_LabWorks/IGI/LR5/CarApp/CarApp/cars/urls.py changed, reloading.
INFO 2025-05-19 16:32:42,501 autoreload Watching for file changes with StatReloader
INFO 2025-05-19 16:32:50,539 basehttp "GET / HTTP/1.1" 200 5959
ERROR 2025-05-19 16:33:12,496 log Internal Server Error: /reviews/
Traceback (most recent call last):
  File "/home/denis/.local/lib/python3.10/site-packages/django/db/backends/utils.py", line 105, in _execute
    return self.cursor.execute(sql, params)
  File "/home/denis/.local/lib/python3.10/site-packages/django/db/backends/sqlite3/base.py", line 360, in execute
    return super().execute(query, params)
sqlite3.OperationalError: no such table: cars_review

The above exception was the direct cause of the following exception:

Traceback (most recent call last):
  File "/home/denis/.local/lib/python3.10/site-packages/django/core/handlers/exception.py", line 55, in inner
    response = get_response(request)
  File "/home/denis/.local/lib/python3.10/site-packages/django/core/handlers/base.py", line 197, in _get_response
    response = wrapped_callback(request, *callback_args, **callback_kwargs)
  File "/home/denis/IGI_LabWorks/IGI/LR5/CarApp/CarApp/cars/views.py", line 82, in reviews_list
    return render(request, 'cars/reviews_list.html', {'reviews': reviews})
  File "/home/denis/.local/lib/python3.10/site-packages/django/shortcuts.py", line 25, in render
    content = loader.render_to_string(template_name, context, request, using=using)
  File "/home/denis/.local/lib/python3.10/site-packages/django/template/loader.py", line 62, in render_to_string
    return template.render(context, request)
  File "/home/denis/.local/lib/python3.10/site-packages/django/template/backends/django.py", line 107, in render
    return self.template.render(context)
  File "/home/denis/.local/lib/python3.10/site-packages/django/template/base.py", line 171, in render
    return self._render(context)
  File "/home/denis/.local/lib/python3.10/site-packages/django/template/base.py", line 163, in _render
    return self.nodelist.render(context)
  File "/home/denis/.local/lib/python3.10/site-packages/django/template/base.py", line 1016, in render
    return SafeString("".join([node.render_annotated(context) for node in self]))
  File "/home/denis/.local/lib/python3.10/site-packages/django/template/base.py", line 1016, in <listcomp>
    return SafeString("".join([node.render_annotated(context) for node in self]))
  File "/home/denis/.local/lib/python3.10/site-packages/django/template/base.py", line 977, in render_annotated
    return self.render(context)
  File "/home/denis/.local/lib/python3.10/site-packages/django/template/defaulttags.py", line 199, in render
    len_values = len(values)
  File "/home/denis/.local/lib/python3.10/site-packages/django/db/models/query.py", line 366, in __len__
    self._fetch_all()
  File "/home/denis/.local/lib/python3.10/site-packages/django/db/models/query.py", line 1945, in _fetch_all
    self._result_cache = list(self._iterable_class(self))
  File "/home/denis/.local/lib/python3.10/site-packages/django/db/models/query.py", line 91, in __iter__
    results = compiler.execute_sql(
  File "/home/denis/.local/lib/python3.10/site-packages/django/db/models/sql/compiler.py", line 1623, in execute_sql
    cursor.execute(sql, params)
  File "/home/denis/.local/lib/python3.10/site-packages/django/db/backends/utils.py", line 122, in execute
    return super().execute(sql, params)
  File "/home/denis/.local/lib/python3.10/site-packages/django/db/backends/utils.py", line 79, in execute
    return self._execute_with_wrappers(
  File "/home/denis/.local/lib/python3.10/site-packages/django/db/backends/utils.py", line 92, in _execute_with_wrappers
    return executor(sql, params, many, context)
  File "/home/denis/.local/lib/python3.10/site-packages/django/db/backends/utils.py", line 100, in _execute
    with self.db.wrap_database_errors:
  File "/home/denis/.local/lib/python3.10/site-packages/django/db/utils.py", line 91, in __exit__
    raise dj_exc_value.with_traceback(traceback) from exc_value
  File "/home/denis/.local/lib/python3.10/site-packages/django/db/backends/utils.py", line 105, in _execute
    return self.cursor.execute(sql, params)
  File "/home/denis/.local/lib/python3.10/site-packages/django/db/backends/sqlite3/base.py", line 360, in execute
    return super().execute(query, params)
django.db.utils.OperationalError: no such table: cars_review
ERROR 2025-05-19 16:33:12,497 basehttp "GET /reviews/ HTTP/1.1" 500 171070
INFO 2025-05-19 16:33:32,260 basehttp "GET /reviews/ HTTP/1.1" 200 205
INFO 2025-05-19 16:33:34,114 basehttp "GET /reviews/add/ HTTP/1.1" 200 735
INFO 2025-05-19 16:33:46,231 basehttp "POST /reviews/add/ HTTP/1.1" 302 0
INFO 2025-05-19 16:33:46,236 basehttp "GET /reviews/ HTTP/1.1" 200 335
INFO 2025-05-19 16:34:43,210 basehttp "GET /reviews/ HTTP/1.1" 200 4309
INFO 2025-05-19 16:35:29,531 basehttp "GET /contacts/ HTTP/1.1" 200 5238
INFO 2025-05-19 16:35:29,555 basehttp "GET /media/profiles/%D0%A1%D0%BD%D0%B8%D0%BC%D0%BE%D0%BA_%D1%8D%D0%BA%D1%80%D0%B0%D0%BD%D0%B0_%D0%BE%D1%82_2025-03-13_14-22-58.png HTTP/1.1" 304 0
INFO 2025-05-19 16:35:39,087 basehttp "GET /orders/ HTTP/1.1" 200 5505
INFO 2025-05-19 16:36:18,216 basehttp "GET / HTTP/1.1" 200 6021
INFO 2025-05-19 16:36:32,977 basehttp "GET / HTTP/1.1" 200 5967
INFO 2025-05-19 16:38:50,337 autoreload /home/denis/IGI_LabWorks/IGI/LR5/CarApp/CarApp/cars/admin.py changed, reloading.
INFO 2025-05-19 16:38:50,577 autoreload Watching for file changes with StatReloader
INFO 2025-05-19 16:38:54,778 autoreload /home/denis/IGI_LabWorks/IGI/LR5/CarApp/CarApp/cars/views.py changed, reloading.
INFO 2025-05-19 16:38:55,035 autoreload Watching for file changes with StatReloader
INFO 2025-05-19 16:40:21,093 autoreload Watching for file changes with StatReloader
INFO 2025-05-19 16:42:16,075 autoreload /home/denis/IGI_LabWorks/IGI/LR5/CarApp/CarApp/cars/admin.py changed, reloading.
INFO 2025-05-19 16:42:16,292 autoreload Watching for file changes with StatReloader
INFO 2025-05-19 16:42:17,478 autoreload /home/denis/IGI_LabWorks/IGI/LR5/CarApp/CarApp/cars/admin.py changed, reloading.
INFO 2025-05-19 16:42:17,685 autoreload Watching for file changes with StatReloader
INFO 2025-05-19 16:43:11,178 autoreload /home/denis/IGI_LabWorks/IGI/LR5/CarApp/CarApp/cars/admin.py changed, reloading.
INFO 2025-05-19 16:43:11,396 autoreload Watching for file changes with StatReloader
INFO 2025-05-19 16:43:13,580 autoreload /home/denis/IGI_LabWorks/IGI/LR5/CarApp/CarApp/cars/admin.py changed, reloading.
INFO 2025-05-19 16:43:13,797 autoreload Watching for file changes with StatReloader
INFO 2025-05-19 16:44:11,334 autoreload /home/denis/IGI_LabWorks/IGI/LR5/CarApp/CarApp/cars/models.py changed, reloading.
INFO 2025-05-19 16:44:11,550 autoreload Watching for file changes with StatReloader
INFO 2025-05-19 16:45:32,963 autoreload Watching for file changes with StatReloader
INFO 2025-05-19 16:46:00,177 basehttp "GET / HTTP/1.1" 200 5999
INFO 2025-05-19 16:47:28,349 autoreload /home/denis/IGI_LabWorks/IGI/LR5/CarApp/CarApp/cars/crud_views.py changed, reloading.
INFO 2025-05-19 16:47:28,640 autoreload Watching for file changes with StatReloader
INFO 2025-05-19 16:47:37,724 basehttp "GET /promo_codes/ HTTP/1.1" 200 4270
INFO 2025-05-19 16:48:44,627 autoreload /home/denis/IGI_LabWorks/IGI/LR5/CarApp/CarApp/CarApp/settings.py changed, reloading.
INFO 2025-05-19 16:48:44,923 autoreload Watching for file changes with StatReloader
INFO 2025-05-19 16:50:07,888 autoreload /home/denis/IGI_LabWorks/IGI/LR5/CarApp/CarApp/cars/models.py changed, reloading.
INFO 2025-05-19 16:50:08,155 autoreload Watching for file changes with StatReloader
INFO 2025-05-19 16:50:10,340 autoreload /home/denis/IGI_LabWorks/IGI/LR5/CarApp/CarApp/cars/admin.py changed, reloading.
INFO 2025-05-19 16:50:10,637 autoreload Watching for file changes with StatReloader
INFO 2025-05-19 16:50:28,179 basehttp "GET /promo_codes/ HTTP/1.1" 200 4269
INFO 2025-05-19 16:56:17,517 basehttp "POST /logout/ HTTP/1.1" 302 0
INFO 2025-05-19 16:56:20,793 basehttp "GET / HTTP/1.1" 200 4092
INFO 2025-05-19 16:59:31,834 autoreload /home/denis/IGI_LabWorks/IGI/LR5/CarApp/CarApp/cars/views.py changed, reloading.
INFO 2025-05-19 16:59:32,067 autoreload Watching for file changes with StatReloader
INFO 2025-05-19 16:59:40,224 autoreload /home/denis/IGI_LabWorks/IGI/LR5/CarApp/CarApp/cars/views.py changed, reloading.
INFO 2025-05-19 16:59:40,439 autoreload Watching for file changes with StatReloader
INFO 2025-05-19 16:59:45,655 autoreload /home/denis/IGI_LabWorks/IGI/LR5/CarApp/CarApp/cars/views.py changed, reloading.
INFO 2025-05-19 16:59:45,915 autoreload Watching for file changes with StatReloader
INFO 2025-05-19 16:59:47,878 basehttp "GET / HTTP/1.1" 200 4092
INFO 2025-05-19 16:59:48,598 basehttp "GET / HTTP/1.1" 200 4092
INFO 2025-05-19 16:59:50,965 basehttp "GET /login/ HTTP/1.1" 200 705
INFO 2025-05-19 16:59:55,805 basehttp "POST /login/ HTTP/1.1" 302 0
INFO 2025-05-19 17:00:02,379 basehttp "GET / HTTP/1.1" 200 5957
INFO 2025-05-19 17:02:35,883 autoreload /home/denis/IGI_LabWorks/IGI/LR5/CarApp/CarApp/cars/crud_views.py changed, reloading.
INFO 2025-05-19 17:02:36,124 autoreload Watching for file changes with StatReloader
INFO 2025-05-19 17:02:54,682 basehttp "POST /logout/ HTTP/1.1" 302 0
INFO 2025-05-19 17:02:54,695 basehttp "GET / HTTP/1.1" 200 4092
INFO 2025-05-19 17:02:56,862 basehttp "GET /login/ HTTP/1.1" 200 705
INFO 2025-05-19 17:03:08,939 basehttp "POST /login/ HTTP/1.1" 302 0
INFO 2025-05-19 17:03:14,537 basehttp "GET / HTTP/1.1" 200 5923
INFO 2025-05-19 17:03:26,090 basehttp "POST /logout/ HTTP/1.1" 302 0
INFO 2025-05-19 17:03:26,097 basehttp "GET / HTTP/1.1" 200 4092
INFO 2025-05-19 17:03:27,393 basehttp "GET /login/ HTTP/1.1" 200 705
INFO 2025-05-19 17:03:35,038 basehttp "POST /login/ HTTP/1.1" 302 0
INFO 2025-05-19 17:03:39,842 basehttp "GET / HTTP/1.1" 200 5946
INFO 2025-05-19 17:03:42,947 basehttp "GET /crud/ HTTP/1.1" 200 4370
INFO 2025-05-19 17:03:44,880 basehttp "GET /crud/parts/ HTTP/1.1" 200 4939
INFO 2025-05-19 17:03:51,641 basehttp "GET /crud/parts/?part_type=&sort_by=price_desc HTTP/1.1" 200 4947
INFO 2025-05-19 17:03:54,929 basehttp "GET /crud/parts/?part_type=1&sort_by=price_desc HTTP/1.1" 200 4955
INFO 2025-05-19 17:05:18,790 basehttp "POST /logout/ HTTP/1.1" 302 0
INFO 2025-05-19 17:05:18,796 basehttp "GET / HTTP/1.1" 200 4092
INFO 2025-05-19 17:05:20,122 basehttp "GET /login/ HTTP/1.1" 200 705
INFO 2025-05-19 17:05:24,611 basehttp "POST /login/ HTTP/1.1" 302 0
INFO 2025-05-19 17:05:31,739 basehttp "GET / HTTP/1.1" 200 5667
INFO 2025-05-19 17:05:41,517 basehttp "GET /statistics/ HTTP/1.1" 200 5842
INFO 2025-05-19 17:12:08,444 basehttp "GET /statistics/ HTTP/1.1" 200 6317
ERROR 2025-05-19 17:12:18,455 log Internal Server Error: /
Traceback (most recent call last):
  File "/home/denis/.local/lib/python3.10/site-packages/django/template/base.py", line 890, in _resolve_lookup
    raise TypeError
TypeError

During handling of the above exception, another exception occurred:

Traceback (most recent call last):
  File "/home/denis/.local/lib/python3.10/site-packages/django/core/handlers/exception.py", line 55, in inner
    response = get_response(request)
  File "/home/denis/.local/lib/python3.10/site-packages/django/core/handlers/base.py", line 197, in _get_response
    response = wrapped_callback(request, *callback_args, **callback_kwargs)
  File "/home/denis/IGI_LabWorks/IGI/LR5/CarApp/CarApp/cars/views.py", line 49, in mainpage
    return render(request, 'mainpage/mainpage.html', context)
  File "/home/denis/.local/lib/python3.10/site-packages/django/shortcuts.py", line 25, in render
    content = loader.render_to_string(template_name, context, request, using=using)
  File "/home/denis/.local/lib/python3.10/site-packages/django/template/loader.py", line 62, in render_to_string
    return template.render(context, request)
  File "/home/denis/.local/lib/python3.10/site-packages/django/template/backends/django.py", line 107, in render
    return self.template.render(context)
  File "/home/denis/.local/lib/python3.10/site-packages/django/template/base.py", line 171, in render
    return self._render(context)
  File "/home/denis/.local/lib/python3.10/site-packages/django/template/base.py", line 163, in _render
    return self.nodelist.render(context)
  File "/home/denis/.local/lib/python3.10/site-packages/django/template/base.py", line 1016, in render
    return SafeString("".join([node.render_annotated(context) for node in self]))
  File "/home/denis/.local/lib/python3.10/site-packages/django/template/base.py", line 1016, in <listcomp>
    return SafeString("".join([node.render_annotated(context) for node in self]))
  File "/home/denis/.local/lib/python3.10/site-packages/django/template/base.py", line 977, in render_annotated
    return self.render(context)
  File "/home/denis/.local/lib/python3.10/site-packages/django/template/loader_tags.py", line 159, in render
    return compiled_parent._render(context)
  File "/home/denis/.local/lib/python3.10/site-packages/django/template/base.py", line 163, in _render
    return self.nodelist.render(context)
  File "/home/denis/.local/lib/python3.10/site-packages/django/template/base.py", line 1016, in render
    return SafeString("".join([node.render_annotated(context) for node in self]))
  File "/home/denis/.local/lib/python3.10/site-packages/django/template/base.py", line 1016, in <listcomp>
    return SafeString("".join([node.render_annotated(context) for node in self]))
  File "/home/denis/.local/lib/python3.10/site-packages/django/template/base.py", line 977, in render_annotated
    return self.render(context)
  File "/home/denis/.local/lib/python3.10/site-packages/django/template/loader_tags.py", line 65, in render
    result = block.nodelist.render(context)
  File "/home/denis/.local/lib/python3.10/site-packages/django/template/base.py", line 1016, in render
    return SafeString("".join([node.render_annotated(context) for node in self]))
  File "/home/denis/.local/lib/python3.10/site-packages/django/template/base.py", line 1016, in <listcomp>
    return SafeString("".join([node.render_annotated(context) for node in self]))
  File "/home/denis/.local/lib/python3.10/site-packages/django/template/base.py", line 977, in render_annotated
    return self.render(context)
  File "/home/denis/.local/lib/python3.10/site-packages/django/template/defaulttags.py", line 327, in render
    return nodelist.render(context)
  File "/home/denis/.local/lib/python3.10/site-packages/django/template/base.py", line 1016, in render
    return SafeString("".join([node.render_annotated(context) for node in self]))
  File "/home/denis/.local/lib/python3.10/site-packages/django/template/base.py", line 1016, in <listcomp>
    return SafeString("".join([node.render_annotated(context) for node in self]))
  File "/home/denis/.local/lib/python3.10/site-packages/django/template/base.py", line 977, in render_annotated
    return self.render(context)
  File "/home/denis/.local/lib/python3.10/site-packages/django/template/base.py", line 1075, in render
    output = self.filter_expression.resolve(context)
  File "/home/denis/.local/lib/python3.10/site-packages/django/template/base.py", line 722, in resolve
    obj = self.var.resolve(context)
  File "/home/denis/.local/lib/python3.10/site-packages/django/template/base.py", line 854, in resolve
    value = self._resolve_lookup(context)
  File "/home/denis/.local/lib/python3.10/site-packages/django/template/base.py", line 901, in _resolve_lookup
    current = getattr(current, bit)
  File "/home/denis/.local/lib/python3.10/site-packages/django/db/models/fields/files.py", line 69, in url
    self._require_file()
  File "/home/denis/.local/lib/python3.10/site-packages/django/db/models/fields/files.py", line 44, in _require_file
    raise ValueError(
ValueError: The 'image' attribute has no file associated with it.
ERROR 2025-05-19 17:12:18,455 basehttp "GET / HTTP/1.1" 500 232780
ERROR 2025-05-19 17:13:29,852 log Internal Server Error: /contacts/
Traceback (most recent call last):
  File "/home/denis/.local/lib/python3.10/site-packages/django/template/base.py", line 890, in _resolve_lookup
    raise TypeError
TypeError

During handling of the above exception, another exception occurred:

Traceback (most recent call last):
  File "/home/denis/.local/lib/python3.10/site-packages/django/core/handlers/exception.py", line 55, in inner
    response = get_response(request)
  File "/home/denis/.local/lib/python3.10/site-packages/django/core/handlers/base.py", line 197, in _get_response
    response = wrapped_callback(request, *callback_args, **callback_kwargs)
  File "/home/denis/IGI_LabWorks/IGI/LR5/CarApp/CarApp/cars/views.py", line 73, in contacts_view
    return render(request, 'contacts/contacts.html', {'masters': masters})
  File "/home/denis/.local/lib/python3.10/site-packages/django/shortcuts.py", line 25, in render
    content = loader.render_to_string(template_name, context, request, using=using)
  File "/home/denis/.local/lib/python3.10/site-packages/django/template/loader.py", line 62, in render_to_string
    return template.render(context, request)
  File "/home/denis/.local/lib/python3.10/site-packages/django/template/backends/django.py", line 107, in render
    return self.template.render(context)
  File "/home/denis/.local/lib/python3.10/site-packages/django/template/base.py", line 171, in render
    return self._render(context)
  File "/home/denis/.local/lib/python3.10/site-packages/django/template/base.py", line 163, in _render
    return self.nodelist.render(context)
  File "/home/denis/.local/lib/python3.10/site-packages/django/template/base.py", line 1016, in render
    return SafeString("".join([node.render_annotated(context) for node in self]))
  File "/home/denis/.local/lib/python3.10/site-packages/django/template/base.py", line 1016, in <listcomp>
    return SafeString("".join([node.render_annotated(context) for node in self]))
  File "/home/denis/.local/lib/python3.10/site-packages/django/template/base.py", line 977, in render_annotated
    return self.render(context)
  File "/home/denis/.local/lib/python3.10/site-packages/django/template/loader_tags.py", line 159, in render
    return compiled_parent._render(context)
  File "/home/denis/.local/lib/python3.10/site-packages/django/template/base.py", line 163, in _render
    return self.nodelist.render(context)
  File "/home/denis/.local/lib/python3.10/site-packages/django/template/base.py", line 1016, in render
    return SafeString("".join([node.render_annotated(context) for node in self]))
  File "/home/denis/.local/lib/python3.10/site-packages/django/template/base.py", line 1016, in <listcomp>
    return SafeString("".join([node.render_annotated(context) for node in self]))
  File "/home/denis/.local/lib/python3.10/site-packages/django/template/base.py", line 977, in render_annotated
    return self.render(context)
  File "/home/denis/.local/lib/python3.10/site-packages/django/template/loader_tags.py", line 65, in render
    result = block.nodelist.render(context)
  File "/home/denis/.local/lib/python3.10/site-packages/django/template/base.py", line 1016, in render
    return SafeString("".join([node.render_annotated(context) for node in self]))
  File "/home/denis/.local/lib/python3.10/site-packages/django/template/base.py", line 1016, in <listcomp>
    return SafeString("".join([node.render_annotated(context) for node in self]))
  File "/home/denis/.local/lib/python3.10/site-packages/django/template/base.py", line 977, in render_annotated
    return self.render(context)
  File "/home/denis/.local/lib/python3.10/site-packages/django/template/defaulttags.py", line 243, in render
    nodelist.append(node.render_annotated(context))
  File "/home/denis/.local/lib/python3.10/site-packages/django/template/base.py", line 977, in render_annotated
    return self.render(context)
  File "/home/denis/.local/lib/python3.10/site-packages/django/template/base.py", line 1075, in render
    output = self.filter_expression.resolve(context)
  File "/home/denis/.local/lib/python3.10/site-packages/django/template/base.py", line 722, in resolve
    obj = self.var.resolve(context)
  File "/home/denis/.local/lib/python3.10/site-packages/django/template/base.py", line 854, in resolve
    value = self._resolve_lookup(context)
  File "/home/denis/.local/lib/python3.10/site-packages/django/template/base.py", line 901, in _resolve_lookup
    current = getattr(current, bit)
  File "/home/denis/.local/lib/python3.10/site-packages/django/db/models/fields/files.py", line 69, in url
    self._require_file()
  File "/home/denis/.local/lib/python3.10/site-packages/django/db/models/fields/files.py", line 44, in _require_file
    raise ValueError(
ValueError: The 'photo' attribute has no file associated with it.
ERROR 2025-05-19 17:13:29,854 basehttp "GET /contacts/ HTTP/1.1" 500 197953
INFO 2025-05-19 17:16:45,427 autoreload /home/denis/IGI_LabWorks/IGI/LR5/CarApp/CarApp/cars/models.py changed, reloading.
INFO 2025-05-19 17:16:45,695 autoreload Watching for file changes with StatReloader
INFO 2025-05-19 17:16:48,989 basehttp "GET /admin/auth/user/ HTTP/1.1" 200 25802
INFO 2025-05-19 17:16:49,040 basehttp "GET /static/admin/css/base.css HTTP/1.1" 304 0
INFO 2025-05-19 17:16:49,041 basehttp "GET /static/admin/css/nav_sidebar.css HTTP/1.1" 304 0
INFO 2025-05-19 17:16:49,041 basehttp "GET /static/admin/css/dark_mode.css HTTP/1.1" 304 0
INFO 2025-05-19 17:16:49,044 basehttp "GET /static/admin/js/theme.js HTTP/1.1" 304 0
INFO 2025-05-19 17:16:49,045 basehttp "GET /static/admin/css/responsive.css HTTP/1.1" 304 0
INFO 2025-05-19 17:16:49,045 basehttp "GET /static/admin/js/jquery.init.js HTTP/1.1" 304 0
INFO 2025-05-19 17:16:49,045 basehttp "GET /static/admin/css/changelists.css HTTP/1.1" 304 0
INFO 2025-05-19 17:16:49,046 basehttp "GET /static/admin/js/vendor/jquery/jquery.js HTTP/1.1" 304 0
INFO 2025-05-19 17:16:49,048 basehttp "GET /static/admin/js/core.js HTTP/1.1" 304 0
INFO 2025-05-19 17:16:49,050 basehttp "GET /static/admin/js/admin/RelatedObjectLookups.js HTTP/1.1" 304 0
INFO 2025-05-19 17:16:49,051 basehttp "GET /admin/jsi18n/ HTTP/1.1" 200 3342
INFO 2025-05-19 17:16:49,053 basehttp "GET /static/admin/js/actions.js HTTP/1.1" 304 0
INFO 2025-05-19 17:16:50,995 basehttp "GET /admin/auth/user/ HTTP/1.1" 200 25802
INFO 2025-05-19 17:16:51,031 basehttp "GET /admin/jsi18n/ HTTP/1.1" 200 3342
INFO 2025-05-19 17:16:51,031 basehttp "GET /static/admin/css/responsive.css HTTP/1.1" 200 16565
INFO 2025-05-19 17:16:51,032 basehttp "GET /static/admin/js/core.js HTTP/1.1" 200 6208
INFO 2025-05-19 17:16:51,032 basehttp "GET /static/admin/js/jquery.init.js HTTP/1.1" 200 347
INFO 2025-05-19 17:16:51,032 basehttp "GET /static/admin/js/admin/RelatedObjectLookups.js HTTP/1.1" 200 9777
INFO 2025-05-19 17:16:51,034 basehttp "GET /static/admin/js/vendor/jquery/jquery.js HTTP/1.1" 200 285314
INFO 2025-05-19 17:16:51,042 basehttp "GET /static/admin/js/nav_sidebar.js HTTP/1.1" 304 0
INFO 2025-05-19 17:16:51,042 basehttp "GET /static/admin/js/urlify.js HTTP/1.1" 200 7887
INFO 2025-05-19 17:16:51,042 basehttp "GET /static/admin/js/actions.js HTTP/1.1" 200 8076
INFO 2025-05-19 17:16:51,043 basehttp "GET /static/admin/js/prepopulate.js HTTP/1.1" 200 1531
INFO 2025-05-19 17:16:51,043 basehttp "GET /static/admin/js/vendor/xregexp/xregexp.js HTTP/1.1" 200 325171
INFO 2025-05-19 17:16:51,047 basehttp "GET /static/admin/img/search.svg HTTP/1.1" 304 0
INFO 2025-05-19 17:16:51,074 basehttp "GET /static/admin/img/icon-no.svg HTTP/1.1" 304 0
INFO 2025-05-19 17:16:51,100 basehttp "GET /static/admin/img/icon-yes.svg HTTP/1.1" 304 0
INFO 2025-05-19 17:16:51,100 basehttp "GET /static/admin/js/filters.js HTTP/1.1" 304 0
INFO 2025-05-19 17:16:51,105 basehttp "GET /static/admin/img/icon-addlink.svg HTTP/1.1" 304 0
INFO 2025-05-19 17:16:51,106 basehttp "GET /static/admin/img/tooltag-add.svg HTTP/1.1" 304 0
INFO 2025-05-19 17:16:51,107 basehttp "GET /static/admin/img/sorting-icons.svg HTTP/1.1" 304 0
INFO 2025-05-19 17:16:51,124 basehttp "GET /static/admin/img/icon-viewlink.svg HTTP/1.1" 304 0
ERROR 2025-05-19 17:16:53,685 log Internal Server Error: /contacts/
Traceback (most recent call last):
  File "/home/denis/.local/lib/python3.10/site-packages/django/template/base.py", line 890, in _resolve_lookup
    raise TypeError
TypeError

During handling of the above exception, another exception occurred:

Traceback (most recent call last):
  File "/home/denis/.local/lib/python3.10/site-packages/django/core/handlers/exception.py", line 55, in inner
    response = get_response(request)
  File "/home/denis/.local/lib/python3.10/site-packages/django/core/handlers/base.py", line 197, in _get_response
    response = wrapped_callback(request, *callback_args, **callback_kwargs)
  File "/home/denis/IGI_LabWorks/IGI/LR5/CarApp/CarApp/cars/views.py", line 73, in contacts_view
    return render(request, 'contacts/contacts.html', {'masters': masters})
  File "/home/denis/.local/lib/python3.10/site-packages/django/shortcuts.py", line 25, in render
    content = loader.render_to_string(template_name, context, request, using=using)
  File "/home/denis/.local/lib/python3.10/site-packages/django/template/loader.py", line 62, in render_to_string
    return template.render(context, request)
  File "/home/denis/.local/lib/python3.10/site-packages/django/template/backends/django.py", line 107, in render
    return self.template.render(context)
  File "/home/denis/.local/lib/python3.10/site-packages/django/template/base.py", line 171, in render
    return self._render(context)
  File "/home/denis/.local/lib/python3.10/site-packages/django/template/base.py", line 163, in _render
    return self.nodelist.render(context)
  File "/home/denis/.local/lib/python3.10/site-packages/django/template/base.py", line 1016, in render
    return SafeString("".join([node.render_annotated(context) for node in self]))
  File "/home/denis/.local/lib/python3.10/site-packages/django/template/base.py", line 1016, in <listcomp>
    return SafeString("".join([node.render_annotated(context) for node in self]))
  File "/home/denis/.local/lib/python3.10/site-packages/django/template/base.py", line 977, in render_annotated
    return self.render(context)
  File "/home/denis/.local/lib/python3.10/site-packages/django/template/loader_tags.py", line 159, in render
    return compiled_parent._render(context)
  File "/home/denis/.local/lib/python3.10/site-packages/django/template/base.py", line 163, in _render
    return self.nodelist.render(context)
  File "/home/denis/.local/lib/python3.10/site-packages/django/template/base.py", line 1016, in render
    return SafeString("".join([node.render_annotated(context) for node in self]))
  File "/home/denis/.local/lib/python3.10/site-packages/django/template/base.py", line 1016, in <listcomp>
    return SafeString("".join([node.render_annotated(context) for node in self]))
  File "/home/denis/.local/lib/python3.10/site-packages/django/template/base.py", line 977, in render_annotated
    return self.render(context)
  File "/home/denis/.local/lib/python3.10/site-packages/django/template/loader_tags.py", line 65, in render
    result = block.nodelist.render(context)
  File "/home/denis/.local/lib/python3.10/site-packages/django/template/base.py", line 1016, in render
    return SafeString("".join([node.render_annotated(context) for node in self]))
  File "/home/denis/.local/lib/python3.10/site-packages/django/template/base.py", line 1016, in <listcomp>
    return SafeString("".join([node.render_annotated(context) for node in self]))
  File "/home/denis/.local/lib/python3.10/site-packages/django/template/base.py", line 977, in render_annotated
    return self.render(context)
  File "/home/denis/.local/lib/python3.10/site-packages/django/template/defaulttags.py", line 243, in render
    nodelist.append(node.render_annotated(context))
  File "/home/denis/.local/lib/python3.10/site-packages/django/template/base.py", line 977, in render_annotated
    return self.render(context)
  File "/home/denis/.local/lib/python3.10/site-packages/django/template/base.py", line 1075, in render
    output = self.filter_expression.resolve(context)
  File "/home/denis/.local/lib/python3.10/site-packages/django/template/base.py", line 722, in resolve
    obj = self.var.resolve(context)
  File "/home/denis/.local/lib/python3.10/site-packages/django/template/base.py", line 854, in resolve
    value = self._resolve_lookup(context)
  File "/home/denis/.local/lib/python3.10/site-packages/django/template/base.py", line 901, in _resolve_lookup
    current = getattr(current, bit)
  File "/home/denis/.local/lib/python3.10/site-packages/django/db/models/fields/files.py", line 69, in url
    self._require_file()
  File "/home/denis/.local/lib/python3.10/site-packages/django/db/models/fields/files.py", line 44, in _require_file
    raise ValueError(
ValueError: The 'photo' attribute has no file associated with it.
ERROR 2025-05-19 17:16:53,686 basehttp "GET /contacts/ HTTP/1.1" 500 198090
ERROR 2025-05-19 17:16:54,889 log Internal Server Error: /contacts/
Traceback (most recent call last):
  File "/home/denis/.local/lib/python3.10/site-packages/django/template/base.py", line 890, in _resolve_lookup
    raise TypeError
TypeError

During handling of the above exception, another exception occurred:

Traceback (most recent call last):
  File "/home/denis/.local/lib/python3.10/site-packages/django/core/handlers/exception.py", line 55, in inner
    response = get_response(request)
  File "/home/denis/.local/lib/python3.10/site-packages/django/core/handlers/base.py", line 197, in _get_response
    response = wrapped_callback(request, *callback_args, **callback_kwargs)
  File "/home/denis/IGI_LabWorks/IGI/LR5/CarApp/CarApp/cars/views.py", line 73, in contacts_view
    return render(request, 'contacts/contacts.html', {'masters': masters})
  File "/home/denis/.local/lib/python3.10/site-packages/django/shortcuts.py", line 25, in render
    content = loader.render_to_string(template_name, context, request, using=using)
  File "/home/denis/.local/lib/python3.10/site-packages/django/template/loader.py", line 62, in render_to_string
    return template.render(context, request)
  File "/home/denis/.local/lib/python3.10/site-packages/django/template/backends/django.py", line 107, in render
    return self.template.render(context)
  File "/home/denis/.local/lib/python3.10/site-packages/django/template/base.py", line 171, in render
    return self._render(context)
  File "/home/denis/.local/lib/python3.10/site-packages/django/template/base.py", line 163, in _render
    return self.nodelist.render(context)
  File "/home/denis/.local/lib/python3.10/site-packages/django/template/base.py", line 1016, in render
    return SafeString("".join([node.render_annotated(context) for node in self]))
  File "/home/denis/.local/lib/python3.10/site-packages/django/template/base.py", line 1016, in <listcomp>
    return SafeString("".join([node.render_annotated(context) for node in self]))
  File "/home/denis/.local/lib/python3.10/site-packages/django/template/base.py", line 977, in render_annotated
    return self.render(context)
  File "/home/denis/.local/lib/python3.10/site-packages/django/template/loader_tags.py", line 159, in render
    return compiled_parent._render(context)
  File "/home/denis/.local/lib/python3.10/site-packages/django/template/base.py", line 163, in _render
    return self.nodelist.render(context)
  File "/home/denis/.local/lib/python3.10/site-packages/django/template/base.py", line 1016, in render
    return SafeString("".join([node.render_annotated(context) for node in self]))
  File "/home/denis/.local/lib/python3.10/site-packages/django/template/base.py", line 1016, in <listcomp>
    return SafeString("".join([node.render_annotated(context) for node in self]))
  File "/home/denis/.local/lib/python3.10/site-packages/django/template/base.py", line 977, in render_annotated
    return self.render(context)
  File "/home/denis/.local/lib/python3.10/site-packages/django/template/loader_tags.py", line 65, in render
    result = block.nodelist.render(context)
  File "/home/denis/.local/lib/python3.10/site-packages/django/template/base.py", line 1016, in render
    return SafeString("".join([node.render_annotated(context) for node in self]))
  File "/home/denis/.local/lib/python3.10/site-packages/django/template/base.py", line 1016, in <listcomp>
    return SafeString("".join([node.render_annotated(context) for node in self]))
  File "/home/denis/.local/lib/python3.10/site-packages/django/template/base.py", line 977, in render_annotated
    return self.render(context)
  File "/home/denis/.local/lib/python3.10/site-packages/django/template/defaulttags.py", line 243, in render
    nodelist.append(node.render_annotated(context))
  File "/home/denis/.local/lib/python3.10/site-packages/django/template/base.py", line 977, in render_annotated
    return self.render(context)
  File "/home/denis/.local/lib/python3.10/site-packages/django/template/base.py", line 1075, in render
    output = self.filter_expression.resolve(context)
  File "/home/denis/.local/lib/python3.10/site-packages/django/template/base.py", line 722, in resolve
    obj = self.var.resolve(context)
  File "/home/denis/.local/lib/python3.10/site-packages/django/template/base.py", line 854, in resolve
    value = self._resolve_lookup(context)
  File "/home/denis/.local/lib/python3.10/site-packages/django/template/base.py", line 901, in _resolve_lookup
    current = getattr(current, bit)
  File "/home/denis/.local/lib/python3.10/site-packages/django/db/models/fields/files.py", line 69, in url
    self._require_file()
  File "/home/denis/.local/lib/python3.10/site-packages/django/db/models/fields/files.py", line 44, in _require_file
    raise ValueError(
ValueError: The 'photo' attribute has no file associated with it.
ERROR 2025-05-19 17:16:54,890 basehttp "GET /contacts/ HTTP/1.1" 500 198090
ERROR 2025-05-19 17:16:56,828 log Internal Server Error: /contacts/
Traceback (most recent call last):
  File "/home/denis/.local/lib/python3.10/site-packages/django/template/base.py", line 890, in _resolve_lookup
    raise TypeError
TypeError

During handling of the above exception, another exception occurred:

Traceback (most recent call last):
  File "/home/denis/.local/lib/python3.10/site-packages/django/core/handlers/exception.py", line 55, in inner
    response = get_response(request)
  File "/home/denis/.local/lib/python3.10/site-packages/django/core/handlers/base.py", line 197, in _get_response
    response = wrapped_callback(request, *callback_args, **callback_kwargs)
  File "/home/denis/IGI_LabWorks/IGI/LR5/CarApp/CarApp/cars/views.py", line 73, in contacts_view
    return render(request, 'contacts/contacts.html', {'masters': masters})
  File "/home/denis/.local/lib/python3.10/site-packages/django/shortcuts.py", line 25, in render
    content = loader.render_to_string(template_name, context, request, using=using)
  File "/home/denis/.local/lib/python3.10/site-packages/django/template/loader.py", line 62, in render_to_string
    return template.render(context, request)
  File "/home/denis/.local/lib/python3.10/site-packages/django/template/backends/django.py", line 107, in render
    return self.template.render(context)
  File "/home/denis/.local/lib/python3.10/site-packages/django/template/base.py", line 171, in render
    return self._render(context)
  File "/home/denis/.local/lib/python3.10/site-packages/django/template/base.py", line 163, in _render
    return self.nodelist.render(context)
  File "/home/denis/.local/lib/python3.10/site-packages/django/template/base.py", line 1016, in render
    return SafeString("".join([node.render_annotated(context) for node in self]))
  File "/home/denis/.local/lib/python3.10/site-packages/django/template/base.py", line 1016, in <listcomp>
    return SafeString("".join([node.render_annotated(context) for node in self]))
  File "/home/denis/.local/lib/python3.10/site-packages/django/template/base.py", line 977, in render_annotated
    return self.render(context)
  File "/home/denis/.local/lib/python3.10/site-packages/django/template/loader_tags.py", line 159, in render
    return compiled_parent._render(context)
  File "/home/denis/.local/lib/python3.10/site-packages/django/template/base.py", line 163, in _render
    return self.nodelist.render(context)
  File "/home/denis/.local/lib/python3.10/site-packages/django/template/base.py", line 1016, in render
    return SafeString("".join([node.render_annotated(context) for node in self]))
  File "/home/denis/.local/lib/python3.10/site-packages/django/template/base.py", line 1016, in <listcomp>
    return SafeString("".join([node.render_annotated(context) for node in self]))
  File "/home/denis/.local/lib/python3.10/site-packages/django/template/base.py", line 977, in render_annotated
    return self.render(context)
  File "/home/denis/.local/lib/python3.10/site-packages/django/template/loader_tags.py", line 65, in render
    result = block.nodelist.render(context)
  File "/home/denis/.local/lib/python3.10/site-packages/django/template/base.py", line 1016, in render
    return SafeString("".join([node.render_annotated(context) for node in self]))
  File "/home/denis/.local/lib/python3.10/site-packages/django/template/base.py", line 1016, in <listcomp>
    return SafeString("".join([node.render_annotated(context) for node in self]))
  File "/home/denis/.local/lib/python3.10/site-packages/django/template/base.py", line 977, in render_annotated
    return self.render(context)
  File "/home/denis/.local/lib/python3.10/site-packages/django/template/defaulttags.py", line 243, in render
    nodelist.append(node.render_annotated(context))
  File "/home/denis/.local/lib/python3.10/site-packages/django/template/base.py", line 977, in render_annotated
    return self.render(context)
  File "/home/denis/.local/lib/python3.10/site-packages/django/template/base.py", line 1075, in render
    output = self.filter_expression.resolve(context)
  File "/home/denis/.local/lib/python3.10/site-packages/django/template/base.py", line 722, in resolve
    obj = self.var.resolve(context)
  File "/home/denis/.local/lib/python3.10/site-packages/django/template/base.py", line 854, in resolve
    value = self._resolve_lookup(context)
  File "/home/denis/.local/lib/python3.10/site-packages/django/template/base.py", line 901, in _resolve_lookup
    current = getattr(current, bit)
  File "/home/denis/.local/lib/python3.10/site-packages/django/db/models/fields/files.py", line 69, in url
    self._require_file()
  File "/home/denis/.local/lib/python3.10/site-packages/django/db/models/fields/files.py", line 44, in _require_file
    raise ValueError(
ValueError: The 'photo' attribute has no file associated with it.
ERROR 2025-05-19 17:16:56,829 basehttp "GET /contacts/ HTTP/1.1" 500 198090
ERROR 2025-05-19 17:16:57,472 log Internal Server Error: /contacts/
Traceback (most recent call last):
  File "/home/denis/.local/lib/python3.10/site-packages/django/template/base.py", line 890, in _resolve_lookup
    raise TypeError
TypeError

During handling of the above exception, another exception occurred:

Traceback (most recent call last):
  File "/home/denis/.local/lib/python3.10/site-packages/django/core/handlers/exception.py", line 55, in inner
    response = get_response(request)
  File "/home/denis/.local/lib/python3.10/site-packages/django/core/handlers/base.py", line 197, in _get_response
    response = wrapped_callback(request, *callback_args, **callback_kwargs)
  File "/home/denis/IGI_LabWorks/IGI/LR5/CarApp/CarApp/cars/views.py", line 73, in contacts_view
    return render(request, 'contacts/contacts.html', {'masters': masters})
  File "/home/denis/.local/lib/python3.10/site-packages/django/shortcuts.py", line 25, in render
    content = loader.render_to_string(template_name, context, request, using=using)
  File "/home/denis/.local/lib/python3.10/site-packages/django/template/loader.py", line 62, in render_to_string
    return template.render(context, request)
  File "/home/denis/.local/lib/python3.10/site-packages/django/template/backends/django.py", line 107, in render
    return self.template.render(context)
  File "/home/denis/.local/lib/python3.10/site-packages/django/template/base.py", line 171, in render
    return self._render(context)
  File "/home/denis/.local/lib/python3.10/site-packages/django/template/base.py", line 163, in _render
    return self.nodelist.render(context)
  File "/home/denis/.local/lib/python3.10/site-packages/django/template/base.py", line 1016, in render
    return SafeString("".join([node.render_annotated(context) for node in self]))
  File "/home/denis/.local/lib/python3.10/site-packages/django/template/base.py", line 1016, in <listcomp>
    return SafeString("".join([node.render_annotated(context) for node in self]))
  File "/home/denis/.local/lib/python3.10/site-packages/django/template/base.py", line 977, in render_annotated
    return self.render(context)
  File "/home/denis/.local/lib/python3.10/site-packages/django/template/loader_tags.py", line 159, in render
    return compiled_parent._render(context)
  File "/home/denis/.local/lib/python3.10/site-packages/django/template/base.py", line 163, in _render
    return self.nodelist.render(context)
  File "/home/denis/.local/lib/python3.10/site-packages/django/template/base.py", line 1016, in render
    return SafeString("".join([node.render_annotated(context) for node in self]))
  File "/home/denis/.local/lib/python3.10/site-packages/django/template/base.py", line 1016, in <listcomp>
    return SafeString("".join([node.render_annotated(context) for node in self]))
  File "/home/denis/.local/lib/python3.10/site-packages/django/template/base.py", line 977, in render_annotated
    return self.render(context)
  File "/home/denis/.local/lib/python3.10/site-packages/django/template/loader_tags.py", line 65, in render
    result = block.nodelist.render(context)
  File "/home/denis/.local/lib/python3.10/site-packages/django/template/base.py", line 1016, in render
    return SafeString("".join([node.render_annotated(context) for node in self]))
  File "/home/denis/.local/lib/python3.10/site-packages/django/template/base.py", line 1016, in <listcomp>
    return SafeString("".join([node.render_annotated(context) for node in self]))
  File "/home/denis/.local/lib/python3.10/site-packages/django/template/base.py", line 977, in render_annotated
    return self.render(context)
  File "/home/denis/.local/lib/python3.10/site-packages/django/template/defaulttags.py", line 243, in render
    nodelist.append(node.render_annotated(context))
  File "/home/denis/.local/lib/python3.10/site-packages/django/template/base.py", line 977, in render_annotated
    return self.render(context)
  File "/home/denis/.local/lib/python3.10/site-packages/django/template/base.py", line 1075, in render
    output = self.filter_expression.resolve(context)
  File "/home/denis/.local/lib/python3.10/site-packages/django/template/base.py", line 722, in resolve
    obj = self.var.resolve(context)
  File "/home/denis/.local/lib/python3.10/site-packages/django/template/base.py", line 854, in resolve
    value = self._resolve_lookup(context)
  File "/home/denis/.local/lib/python3.10/site-packages/django/template/base.py", line 901, in _resolve_lookup
    current = getattr(current, bit)
  File "/home/denis/.local/lib/python3.10/site-packages/django/db/models/fields/files.py", line 69, in url
    self._require_file()
  File "/home/denis/.local/lib/python3.10/site-packages/django/db/models/fields/files.py", line 44, in _require_file
    raise ValueError(
ValueError: The 'photo' attribute has no file associated with it.
ERROR 2025-05-19 17:16:57,473 basehttp "GET /contacts/ HTTP/1.1" 500 198090
ERROR 2025-05-19 17:17:24,983 log Internal Server Error: /contacts/
Traceback (most recent call last):
  File "/home/denis/.local/lib/python3.10/site-packages/django/template/base.py", line 890, in _resolve_lookup
    raise TypeError
TypeError

During handling of the above exception, another exception occurred:

Traceback (most recent call last):
  File "/home/denis/.local/lib/python3.10/site-packages/django/core/handlers/exception.py", line 55, in inner
    response = get_response(request)
  File "/home/denis/.local/lib/python3.10/site-packages/django/core/handlers/base.py", line 197, in _get_response
    response = wrapped_callback(request, *callback_args, **callback_kwargs)
  File "/home/denis/IGI_LabWorks/IGI/LR5/CarApp/CarApp/cars/views.py", line 73, in contacts_view
    return render(request, 'contacts/contacts.html', {'masters': masters})
  File "/home/denis/.local/lib/python3.10/site-packages/django/shortcuts.py", line 25, in render
    content = loader.render_to_string(template_name, context, request, using=using)
  File "/home/denis/.local/lib/python3.10/site-packages/django/template/loader.py", line 62, in render_to_string
    return template.render(context, request)
  File "/home/denis/.local/lib/python3.10/site-packages/django/template/backends/django.py", line 107, in render
    return self.template.render(context)
  File "/home/denis/.local/lib/python3.10/site-packages/django/template/base.py", line 171, in render
    return self._render(context)
  File "/home/denis/.local/lib/python3.10/site-packages/django/template/base.py", line 163, in _render
    return self.nodelist.render(context)
  File "/home/denis/.local/lib/python3.10/site-packages/django/template/base.py", line 1016, in render
    return SafeString("".join([node.render_annotated(context) for node in self]))
  File "/home/denis/.local/lib/python3.10/site-packages/django/template/base.py", line 1016, in <listcomp>
    return SafeString("".join([node.render_annotated(context) for node in self]))
  File "/home/denis/.local/lib/python3.10/site-packages/django/template/base.py", line 977, in render_annotated
    return self.render(context)
  File "/home/denis/.local/lib/python3.10/site-packages/django/template/loader_tags.py", line 159, in render
    return compiled_parent._render(context)
  File "/home/denis/.local/lib/python3.10/site-packages/django/template/base.py", line 163, in _render
    return self.nodelist.render(context)
  File "/home/denis/.local/lib/python3.10/site-packages/django/template/base.py", line 1016, in render
    return SafeString("".join([node.render_annotated(context) for node in self]))
  File "/home/denis/.local/lib/python3.10/site-packages/django/template/base.py", line 1016, in <listcomp>
    return SafeString("".join([node.render_annotated(context) for node in self]))
  File "/home/denis/.local/lib/python3.10/site-packages/django/template/base.py", line 977, in render_annotated
    return self.render(context)
  File "/home/denis/.local/lib/python3.10/site-packages/django/template/loader_tags.py", line 65, in render
    result = block.nodelist.render(context)
  File "/home/denis/.local/lib/python3.10/site-packages/django/template/base.py", line 1016, in render
    return SafeString("".join([node.render_annotated(context) for node in self]))
  File "/home/denis/.local/lib/python3.10/site-packages/django/template/base.py", line 1016, in <listcomp>
    return SafeString("".join([node.render_annotated(context) for node in self]))
  File "/home/denis/.local/lib/python3.10/site-packages/django/template/base.py", line 977, in render_annotated
    return self.render(context)
  File "/home/denis/.local/lib/python3.10/site-packages/django/template/defaulttags.py", line 243, in render
    nodelist.append(node.render_annotated(context))
  File "/home/denis/.local/lib/python3.10/site-packages/django/template/base.py", line 977, in render_annotated
    return self.render(context)
  File "/home/denis/.local/lib/python3.10/site-packages/django/template/base.py", line 1075, in render
    output = self.filter_expression.resolve(context)
  File "/home/denis/.local/lib/python3.10/site-packages/django/template/base.py", line 722, in resolve
    obj = self.var.resolve(context)
  File "/home/denis/.local/lib/python3.10/site-packages/django/template/base.py", line 854, in resolve
    value = self._resolve_lookup(context)
  File "/home/denis/.local/lib/python3.10/site-packages/django/template/base.py", line 901, in _resolve_lookup
    current = getattr(current, bit)
  File "/home/denis/.local/lib/python3.10/site-packages/django/db/models/fields/files.py", line 69, in url
    self._require_file()
  File "/home/denis/.local/lib/python3.10/site-packages/django/db/models/fields/files.py", line 44, in _require_file
    raise ValueError(
ValueError: The 'photo' attribute has no file associated with it.
ERROR 2025-05-19 17:17:24,984 basehttp "GET /contacts/ HTTP/1.1" 500 198090
ERROR 2025-05-19 17:17:25,498 log Internal Server Error: /contacts/
Traceback (most recent call last):
  File "/home/denis/.local/lib/python3.10/site-packages/django/template/base.py", line 890, in _resolve_lookup
    raise TypeError
TypeError

During handling of the above exception, another exception occurred:

Traceback (most recent call last):
  File "/home/denis/.local/lib/python3.10/site-packages/django/core/handlers/exception.py", line 55, in inner
    response = get_response(request)
  File "/home/denis/.local/lib/python3.10/site-packages/django/core/handlers/base.py", line 197, in _get_response
    response = wrapped_callback(request, *callback_args, **callback_kwargs)
  File "/home/denis/IGI_LabWorks/IGI/LR5/CarApp/CarApp/cars/views.py", line 73, in contacts_view
    return render(request, 'contacts/contacts.html', {'masters': masters})
  File "/home/denis/.local/lib/python3.10/site-packages/django/shortcuts.py", line 25, in render
    content = loader.render_to_string(template_name, context, request, using=using)
  File "/home/denis/.local/lib/python3.10/site-packages/django/template/loader.py", line 62, in render_to_string
    return template.render(context, request)
  File "/home/denis/.local/lib/python3.10/site-packages/django/template/backends/django.py", line 107, in render
    return self.template.render(context)
  File "/home/denis/.local/lib/python3.10/site-packages/django/template/base.py", line 171, in render
    return self._render(context)
  File "/home/denis/.local/lib/python3.10/site-packages/django/template/base.py", line 163, in _render
    return self.nodelist.render(context)
  File "/home/denis/.local/lib/python3.10/site-packages/django/template/base.py", line 1016, in render
    return SafeString("".join([node.render_annotated(context) for node in self]))
  File "/home/denis/.local/lib/python3.10/site-packages/django/template/base.py", line 1016, in <listcomp>
    return SafeString("".join([node.render_annotated(context) for node in self]))
  File "/home/denis/.local/lib/python3.10/site-packages/django/template/base.py", line 977, in render_annotated
    return self.render(context)
  File "/home/denis/.local/lib/python3.10/site-packages/django/template/loader_tags.py", line 159, in render
    return compiled_parent._render(context)
  File "/home/denis/.local/lib/python3.10/site-packages/django/template/base.py", line 163, in _render
    return self.nodelist.render(context)
  File "/home/denis/.local/lib/python3.10/site-packages/django/template/base.py", line 1016, in render
    return SafeString("".join([node.render_annotated(context) for node in self]))
  File "/home/denis/.local/lib/python3.10/site-packages/django/template/base.py", line 1016, in <listcomp>
    return SafeString("".join([node.render_annotated(context) for node in self]))
  File "/home/denis/.local/lib/python3.10/site-packages/django/template/base.py", line 977, in render_annotated
    return self.render(context)
  File "/home/denis/.local/lib/python3.10/site-packages/django/template/loader_tags.py", line 65, in render
    result = block.nodelist.render(context)
  File "/home/denis/.local/lib/python3.10/site-packages/django/template/base.py", line 1016, in render
    return SafeString("".join([node.render_annotated(context) for node in self]))
  File "/home/denis/.local/lib/python3.10/site-packages/django/template/base.py", line 1016, in <listcomp>
    return SafeString("".join([node.render_annotated(context) for node in self]))
  File "/home/denis/.local/lib/python3.10/site-packages/django/template/base.py", line 977, in render_annotated
    return self.render(context)
  File "/home/denis/.local/lib/python3.10/site-packages/django/template/defaulttags.py", line 243, in render
    nodelist.append(node.render_annotated(context))
  File "/home/denis/.local/lib/python3.10/site-packages/django/template/base.py", line 977, in render_annotated
    return self.render(context)
  File "/home/denis/.local/lib/python3.10/site-packages/django/template/base.py", line 1075, in render
    output = self.filter_expression.resolve(context)
  File "/home/denis/.local/lib/python3.10/site-packages/django/template/base.py", line 722, in resolve
    obj = self.var.resolve(context)
  File "/home/denis/.local/lib/python3.10/site-packages/django/template/base.py", line 854, in resolve
    value = self._resolve_lookup(context)
  File "/home/denis/.local/lib/python3.10/site-packages/django/template/base.py", line 901, in _resolve_lookup
    current = getattr(current, bit)
  File "/home/denis/.local/lib/python3.10/site-packages/django/db/models/fields/files.py", line 69, in url
    self._require_file()
  File "/home/denis/.local/lib/python3.10/site-packages/django/db/models/fields/files.py", line 44, in _require_file
    raise ValueError(
ValueError: The 'photo' attribute has no file associated with it.
ERROR 2025-05-19 17:17:25,499 basehttp "GET /contacts/ HTTP/1.1" 500 198090
ERROR 2025-05-19 17:17:26,057 log Internal Server Error: /contacts/
Traceback (most recent call last):
  File "/home/denis/.local/lib/python3.10/site-packages/django/template/base.py", line 890, in _resolve_lookup
    raise TypeError
TypeError

During handling of the above exception, another exception occurred:

Traceback (most recent call last):
  File "/home/denis/.local/lib/python3.10/site-packages/django/core/handlers/exception.py", line 55, in inner
    response = get_response(request)
  File "/home/denis/.local/lib/python3.10/site-packages/django/core/handlers/base.py", line 197, in _get_response
    response = wrapped_callback(request, *callback_args, **callback_kwargs)
  File "/home/denis/IGI_LabWorks/IGI/LR5/CarApp/CarApp/cars/views.py", line 73, in contacts_view
    return render(request, 'contacts/contacts.html', {'masters': masters})
  File "/home/denis/.local/lib/python3.10/site-packages/django/shortcuts.py", line 25, in render
    content = loader.render_to_string(template_name, context, request, using=using)
  File "/home/denis/.local/lib/python3.10/site-packages/django/template/loader.py", line 62, in render_to_string
    return template.render(context, request)
  File "/home/denis/.local/lib/python3.10/site-packages/django/template/backends/django.py", line 107, in render
    return self.template.render(context)
  File "/home/denis/.local/lib/python3.10/site-packages/django/template/base.py", line 171, in render
    return self._render(context)
  File "/home/denis/.local/lib/python3.10/site-packages/django/template/base.py", line 163, in _render
    return self.nodelist.render(context)
  File "/home/denis/.local/lib/python3.10/site-packages/django/template/base.py", line 1016, in render
    return SafeString("".join([node.render_annotated(context) for node in self]))
  File "/home/denis/.local/lib/python3.10/site-packages/django/template/base.py", line 1016, in <listcomp>
    return SafeString("".join([node.render_annotated(context) for node in self]))
  File "/home/denis/.local/lib/python3.10/site-packages/django/template/base.py", line 977, in render_annotated
    return self.render(context)
  File "/home/denis/.local/lib/python3.10/site-packages/django/template/loader_tags.py", line 159, in render
    return compiled_parent._render(context)
  File "/home/denis/.local/lib/python3.10/site-packages/django/template/base.py", line 163, in _render
    return self.nodelist.render(context)
  File "/home/denis/.local/lib/python3.10/site-packages/django/template/base.py", line 1016, in render
    return SafeString("".join([node.render_annotated(context) for node in self]))
  File "/home/denis/.local/lib/python3.10/site-packages/django/template/base.py", line 1016, in <listcomp>
    return SafeString("".join([node.render_annotated(context) for node in self]))
  File "/home/denis/.local/lib/python3.10/site-packages/django/template/base.py", line 977, in render_annotated
    return self.render(context)
  File "/home/denis/.local/lib/python3.10/site-packages/django/template/loader_tags.py", line 65, in render
    result = block.nodelist.render(context)
  File "/home/denis/.local/lib/python3.10/site-packages/django/template/base.py", line 1016, in render
    return SafeString("".join([node.render_annotated(context) for node in self]))
  File "/home/denis/.local/lib/python3.10/site-packages/django/template/base.py", line 1016, in <listcomp>
    return SafeString("".join([node.render_annotated(context) for node in self]))
  File "/home/denis/.local/lib/python3.10/site-packages/django/template/base.py", line 977, in render_annotated
    return self.render(context)
  File "/home/denis/.local/lib/python3.10/site-packages/django/template/defaulttags.py", line 243, in render
    nodelist.append(node.render_annotated(context))
  File "/home/denis/.local/lib/python3.10/site-packages/django/template/base.py", line 977, in render_annotated
    return self.render(context)
  File "/home/denis/.local/lib/python3.10/site-packages/django/template/base.py", line 1075, in render
    output = self.filter_expression.resolve(context)
  File "/home/denis/.local/lib/python3.10/site-packages/django/template/base.py", line 722, in resolve
    obj = self.var.resolve(context)
  File "/home/denis/.local/lib/python3.10/site-packages/django/template/base.py", line 854, in resolve
    value = self._resolve_lookup(context)
  File "/home/denis/.local/lib/python3.10/site-packages/django/template/base.py", line 901, in _resolve_lookup
    current = getattr(current, bit)
  File "/home/denis/.local/lib/python3.10/site-packages/django/db/models/fields/files.py", line 69, in url
    self._require_file()
  File "/home/denis/.local/lib/python3.10/site-packages/django/db/models/fields/files.py", line 44, in _require_file
    raise ValueError(
ValueError: The 'photo' attribute has no file associated with it.
ERROR 2025-05-19 17:17:26,059 basehttp "GET /contacts/ HTTP/1.1" 500 198090
ERROR 2025-05-19 17:17:26,300 log Internal Server Error: /contacts/
Traceback (most recent call last):
  File "/home/denis/.local/lib/python3.10/site-packages/django/template/base.py", line 890, in _resolve_lookup
    raise TypeError
TypeError

During handling of the above exception, another exception occurred:

Traceback (most recent call last):
  File "/home/denis/.local/lib/python3.10/site-packages/django/core/handlers/exception.py", line 55, in inner
    response = get_response(request)
  File "/home/denis/.local/lib/python3.10/site-packages/django/core/handlers/base.py", line 197, in _get_response
    response = wrapped_callback(request, *callback_args, **callback_kwargs)
  File "/home/denis/IGI_LabWorks/IGI/LR5/CarApp/CarApp/cars/views.py", line 73, in contacts_view
    return render(request, 'contacts/contacts.html', {'masters': masters})
  File "/home/denis/.local/lib/python3.10/site-packages/django/shortcuts.py", line 25, in render
    content = loader.render_to_string(template_name, context, request, using=using)
  File "/home/denis/.local/lib/python3.10/site-packages/django/template/loader.py", line 62, in render_to_string
    return template.render(context, request)
  File "/home/denis/.local/lib/python3.10/site-packages/django/template/backends/django.py", line 107, in render
    return self.template.render(context)
  File "/home/denis/.local/lib/python3.10/site-packages/django/template/base.py", line 171, in render
    return self._render(context)
  File "/home/denis/.local/lib/python3.10/site-packages/django/template/base.py", line 163, in _render
    return self.nodelist.render(context)
  File "/home/denis/.local/lib/python3.10/site-packages/django/template/base.py", line 1016, in render
    return SafeString("".join([node.render_annotated(context) for node in self]))
  File "/home/denis/.local/lib/python3.10/site-packages/django/template/base.py", line 1016, in <listcomp>
    return SafeString("".join([node.render_annotated(context) for node in self]))
  File "/home/denis/.local/lib/python3.10/site-packages/django/template/base.py", line 977, in render_annotated
    return self.render(context)
  File "/home/denis/.local/lib/python3.10/site-packages/django/template/loader_tags.py", line 159, in render
    return compiled_parent._render(context)
  File "/home/denis/.local/lib/python3.10/site-packages/django/template/base.py", line 163, in _render
    return self.nodelist.render(context)
  File "/home/denis/.local/lib/python3.10/site-packages/django/template/base.py", line 1016, in render
    return SafeString("".join([node.render_annotated(context) for node in self]))
  File "/home/denis/.local/lib/python3.10/site-packages/django/template/base.py", line 1016, in <listcomp>
    return SafeString("".join([node.render_annotated(context) for node in self]))
  File "/home/denis/.local/lib/python3.10/site-packages/django/template/base.py", line 977, in render_annotated
    return self.render(context)
  File "/home/denis/.local/lib/python3.10/site-packages/django/template/loader_tags.py", line 65, in render
    result = block.nodelist.render(context)
  File "/home/denis/.local/lib/python3.10/site-packages/django/template/base.py", line 1016, in render
    return SafeString("".join([node.render_annotated(context) for node in self]))
  File "/home/denis/.local/lib/python3.10/site-packages/django/template/base.py", line 1016, in <listcomp>
    return SafeString("".join([node.render_annotated(context) for node in self]))
  File "/home/denis/.local/lib/python3.10/site-packages/django/template/base.py", line 977, in render_annotated
    return self.render(context)
  File "/home/denis/.local/lib/python3.10/site-packages/django/template/defaulttags.py", line 243, in render
    nodelist.append(node.render_annotated(context))
  File "/home/denis/.local/lib/python3.10/site-packages/django/template/base.py", line 977, in render_annotated
    return self.render(context)
  File "/home/denis/.local/lib/python3.10/site-packages/django/template/base.py", line 1075, in render
    output = self.filter_expression.resolve(context)
  File "/home/denis/.local/lib/python3.10/site-packages/django/template/base.py", line 722, in resolve
    obj = self.var.resolve(context)
  File "/home/denis/.local/lib/python3.10/site-packages/django/template/base.py", line 854, in resolve
    value = self._resolve_lookup(context)
  File "/home/denis/.local/lib/python3.10/site-packages/django/template/base.py", line 901, in _resolve_lookup
    current = getattr(current, bit)
  File "/home/denis/.local/lib/python3.10/site-packages/django/db/models/fields/files.py", line 69, in url
    self._require_file()
  File "/home/denis/.local/lib/python3.10/site-packages/django/db/models/fields/files.py", line 44, in _require_file
    raise ValueError(
ValueError: The 'photo' attribute has no file associated with it.
ERROR 2025-05-19 17:17:26,301 basehttp "GET /contacts/ HTTP/1.1" 500 198090
ERROR 2025-05-19 17:17:26,491 log Internal Server Error: /contacts/
Traceback (most recent call last):
  File "/home/denis/.local/lib/python3.10/site-packages/django/template/base.py", line 890, in _resolve_lookup
    raise TypeError
TypeError

During handling of the above exception, another exception occurred:

Traceback (most recent call last):
  File "/home/denis/.local/lib/python3.10/site-packages/django/core/handlers/exception.py", line 55, in inner
    response = get_response(request)
  File "/home/denis/.local/lib/python3.10/site-packages/django/core/handlers/base.py", line 197, in _get_response
    response = wrapped_callback(request, *callback_args, **callback_kwargs)
  File "/home/denis/IGI_LabWorks/IGI/LR5/CarApp/CarApp/cars/views.py", line 73, in contacts_view
    return render(request, 'contacts/contacts.html', {'masters': masters})
  File "/home/denis/.local/lib/python3.10/site-packages/django/shortcuts.py", line 25, in render
    content = loader.render_to_string(template_name, context, request, using=using)
  File "/home/denis/.local/lib/python3.10/site-packages/django/template/loader.py", line 62, in render_to_string
    return template.render(context, request)
  File "/home/denis/.local/lib/python3.10/site-packages/django/template/backends/django.py", line 107, in render
    return self.template.render(context)
  File "/home/denis/.local/lib/python3.10/site-packages/django/template/base.py", line 171, in render
    return self._render(context)
  File "/home/denis/.local/lib/python3.10/site-packages/django/template/base.py", line 163, in _render
    return self.nodelist.render(context)
  File "/home/denis/.local/lib/python3.10/site-packages/django/template/base.py", line 1016, in render
    return SafeString("".join([node.render_annotated(context) for node in self]))
  File "/home/denis/.local/lib/python3.10/site-packages/django/template/base.py", line 1016, in <listcomp>
    return SafeString("".join([node.render_annotated(context) for node in self]))
  File "/home/denis/.local/lib/python3.10/site-packages/django/template/base.py", line 977, in render_annotated
    return self.render(context)
  File "/home/denis/.local/lib/python3.10/site-packages/django/template/loader_tags.py", line 159, in render
    return compiled_parent._render(context)
  File "/home/denis/.local/lib/python3.10/site-packages/django/template/base.py", line 163, in _render
    return self.nodelist.render(context)
  File "/home/denis/.local/lib/python3.10/site-packages/django/template/base.py", line 1016, in render
    return SafeString("".join([node.render_annotated(context) for node in self]))
  File "/home/denis/.local/lib/python3.10/site-packages/django/template/base.py", line 1016, in <listcomp>
    return SafeString("".join([node.render_annotated(context) for node in self]))
  File "/home/denis/.local/lib/python3.10/site-packages/django/template/base.py", line 977, in render_annotated
    return self.render(context)
  File "/home/denis/.local/lib/python3.10/site-packages/django/template/loader_tags.py", line 65, in render
    result = block.nodelist.render(context)
  File "/home/denis/.local/lib/python3.10/site-packages/django/template/base.py", line 1016, in render
    return SafeString("".join([node.render_annotated(context) for node in self]))
  File "/home/denis/.local/lib/python3.10/site-packages/django/template/base.py", line 1016, in <listcomp>
    return SafeString("".join([node.render_annotated(context) for node in self]))
  File "/home/denis/.local/lib/python3.10/site-packages/django/template/base.py", line 977, in render_annotated
    return self.render(context)
  File "/home/denis/.local/lib/python3.10/site-packages/django/template/defaulttags.py", line 243, in render
    nodelist.append(node.render_annotated(context))
  File "/home/denis/.local/lib/python3.10/site-packages/django/template/base.py", line 977, in render_annotated
    return self.render(context)
  File "/home/denis/.local/lib/python3.10/site-packages/django/template/base.py", line 1075, in render
    output = self.filter_expression.resolve(context)
  File "/home/denis/.local/lib/python3.10/site-packages/django/template/base.py", line 722, in resolve
    obj = self.var.resolve(context)
  File "/home/denis/.local/lib/python3.10/site-packages/django/template/base.py", line 854, in resolve
    value = self._resolve_lookup(context)
  File "/home/denis/.local/lib/python3.10/site-packages/django/template/base.py", line 901, in _resolve_lookup
    current = getattr(current, bit)
  File "/home/denis/.local/lib/python3.10/site-packages/django/db/models/fields/files.py", line 69, in url
    self._require_file()
  File "/home/denis/.local/lib/python3.10/site-packages/django/db/models/fields/files.py", line 44, in _require_file
    raise ValueError(
ValueError: The 'photo' attribute has no file associated with it.
ERROR 2025-05-19 17:17:26,492 basehttp "GET /contacts/ HTTP/1.1" 500 198090
ERROR 2025-05-19 17:17:26,667 log Internal Server Error: /contacts/
Traceback (most recent call last):
  File "/home/denis/.local/lib/python3.10/site-packages/django/template/base.py", line 890, in _resolve_lookup
    raise TypeError
TypeError

During handling of the above exception, another exception occurred:

Traceback (most recent call last):
  File "/home/denis/.local/lib/python3.10/site-packages/django/core/handlers/exception.py", line 55, in inner
    response = get_response(request)
  File "/home/denis/.local/lib/python3.10/site-packages/django/core/handlers/base.py", line 197, in _get_response
    response = wrapped_callback(request, *callback_args, **callback_kwargs)
  File "/home/denis/IGI_LabWorks/IGI/LR5/CarApp/CarApp/cars/views.py", line 73, in contacts_view
    return render(request, 'contacts/contacts.html', {'masters': masters})
  File "/home/denis/.local/lib/python3.10/site-packages/django/shortcuts.py", line 25, in render
    content = loader.render_to_string(template_name, context, request, using=using)
  File "/home/denis/.local/lib/python3.10/site-packages/django/template/loader.py", line 62, in render_to_string
    return template.render(context, request)
  File "/home/denis/.local/lib/python3.10/site-packages/django/template/backends/django.py", line 107, in render
    return self.template.render(context)
  File "/home/denis/.local/lib/python3.10/site-packages/django/template/base.py", line 171, in render
    return self._render(context)
  File "/home/denis/.local/lib/python3.10/site-packages/django/template/base.py", line 163, in _render
    return self.nodelist.render(context)
  File "/home/denis/.local/lib/python3.10/site-packages/django/template/base.py", line 1016, in render
    return SafeString("".join([node.render_annotated(context) for node in self]))
  File "/home/denis/.local/lib/python3.10/site-packages/django/template/base.py", line 1016, in <listcomp>
    return SafeString("".join([node.render_annotated(context) for node in self]))
  File "/home/denis/.local/lib/python3.10/site-packages/django/template/base.py", line 977, in render_annotated
    return self.render(context)
  File "/home/denis/.local/lib/python3.10/site-packages/django/template/loader_tags.py", line 159, in render
    return compiled_parent._render(context)
  File "/home/denis/.local/lib/python3.10/site-packages/django/template/base.py", line 163, in _render
    return self.nodelist.render(context)
  File "/home/denis/.local/lib/python3.10/site-packages/django/template/base.py", line 1016, in render
    return SafeString("".join([node.render_annotated(context) for node in self]))
  File "/home/denis/.local/lib/python3.10/site-packages/django/template/base.py", line 1016, in <listcomp>
    return SafeString("".join([node.render_annotated(context) for node in self]))
  File "/home/denis/.local/lib/python3.10/site-packages/django/template/base.py", line 977, in render_annotated
    return self.render(context)
  File "/home/denis/.local/lib/python3.10/site-packages/django/template/loader_tags.py", line 65, in render
    result = block.nodelist.render(context)
  File "/home/denis/.local/lib/python3.10/site-packages/django/template/base.py", line 1016, in render
    return SafeString("".join([node.render_annotated(context) for node in self]))
  File "/home/denis/.local/lib/python3.10/site-packages/django/template/base.py", line 1016, in <listcomp>
    return SafeString("".join([node.render_annotated(context) for node in self]))
  File "/home/denis/.local/lib/python3.10/site-packages/django/template/base.py", line 977, in render_annotated
    return self.render(context)
  File "/home/denis/.local/lib/python3.10/site-packages/django/template/defaulttags.py", line 243, in render
    nodelist.append(node.render_annotated(context))
  File "/home/denis/.local/lib/python3.10/site-packages/django/template/base.py", line 977, in render_annotated
    return self.render(context)
  File "/home/denis/.local/lib/python3.10/site-packages/django/template/base.py", line 1075, in render
    output = self.filter_expression.resolve(context)
  File "/home/denis/.local/lib/python3.10/site-packages/django/template/base.py", line 722, in resolve
    obj = self.var.resolve(context)
  File "/home/denis/.local/lib/python3.10/site-packages/django/template/base.py", line 854, in resolve
    value = self._resolve_lookup(context)
  File "/home/denis/.local/lib/python3.10/site-packages/django/template/base.py", line 901, in _resolve_lookup
    current = getattr(current, bit)
  File "/home/denis/.local/lib/python3.10/site-packages/django/db/models/fields/files.py", line 69, in url
    self._require_file()
  File "/home/denis/.local/lib/python3.10/site-packages/django/db/models/fields/files.py", line 44, in _require_file
    raise ValueError(
ValueError: The 'photo' attribute has no file associated with it.
ERROR 2025-05-19 17:17:26,667 basehttp "GET /contacts/ HTTP/1.1" 500 198090
ERROR 2025-05-19 17:17:26,852 log Internal Server Error: /contacts/
Traceback (most recent call last):
  File "/home/denis/.local/lib/python3.10/site-packages/django/template/base.py", line 890, in _resolve_lookup
    raise TypeError
TypeError

During handling of the above exception, another exception occurred:

Traceback (most recent call last):
  File "/home/denis/.local/lib/python3.10/site-packages/django/core/handlers/exception.py", line 55, in inner
    response = get_response(request)
  File "/home/denis/.local/lib/python3.10/site-packages/django/core/handlers/base.py", line 197, in _get_response
    response = wrapped_callback(request, *callback_args, **callback_kwargs)
  File "/home/denis/IGI_LabWorks/IGI/LR5/CarApp/CarApp/cars/views.py", line 73, in contacts_view
    return render(request, 'contacts/contacts.html', {'masters': masters})
  File "/home/denis/.local/lib/python3.10/site-packages/django/shortcuts.py", line 25, in render
    content = loader.render_to_string(template_name, context, request, using=using)
  File "/home/denis/.local/lib/python3.10/site-packages/django/template/loader.py", line 62, in render_to_string
    return template.render(context, request)
  File "/home/denis/.local/lib/python3.10/site-packages/django/template/backends/django.py", line 107, in render
    return self.template.render(context)
  File "/home/denis/.local/lib/python3.10/site-packages/django/template/base.py", line 171, in render
    return self._render(context)
  File "/home/denis/.local/lib/python3.10/site-packages/django/template/base.py", line 163, in _render
    return self.nodelist.render(context)
  File "/home/denis/.local/lib/python3.10/site-packages/django/template/base.py", line 1016, in render
    return SafeString("".join([node.render_annotated(context) for node in self]))
  File "/home/denis/.local/lib/python3.10/site-packages/django/template/base.py", line 1016, in <listcomp>
    return SafeString("".join([node.render_annotated(context) for node in self]))
  File "/home/denis/.local/lib/python3.10/site-packages/django/template/base.py", line 977, in render_annotated
    return self.render(context)
  File "/home/denis/.local/lib/python3.10/site-packages/django/template/loader_tags.py", line 159, in render
    return compiled_parent._render(context)
  File "/home/denis/.local/lib/python3.10/site-packages/django/template/base.py", line 163, in _render
    return self.nodelist.render(context)
  File "/home/denis/.local/lib/python3.10/site-packages/django/template/base.py", line 1016, in render
    return SafeString("".join([node.render_annotated(context) for node in self]))
  File "/home/denis/.local/lib/python3.10/site-packages/django/template/base.py", line 1016, in <listcomp>
    return SafeString("".join([node.render_annotated(context) for node in self]))
  File "/home/denis/.local/lib/python3.10/site-packages/django/template/base.py", line 977, in render_annotated
    return self.render(context)
  File "/home/denis/.local/lib/python3.10/site-packages/django/template/loader_tags.py", line 65, in render
    result = block.nodelist.render(context)
  File "/home/denis/.local/lib/python3.10/site-packages/django/template/base.py", line 1016, in render
    return SafeString("".join([node.render_annotated(context) for node in self]))
  File "/home/denis/.local/lib/python3.10/site-packages/django/template/base.py", line 1016, in <listcomp>
    return SafeString("".join([node.render_annotated(context) for node in self]))
  File "/home/denis/.local/lib/python3.10/site-packages/django/template/base.py", line 977, in render_annotated
    return self.render(context)
  File "/home/denis/.local/lib/python3.10/site-packages/django/template/defaulttags.py", line 243, in render
    nodelist.append(node.render_annotated(context))
  File "/home/denis/.local/lib/python3.10/site-packages/django/template/base.py", line 977, in render_annotated
    return self.render(context)
  File "/home/denis/.local/lib/python3.10/site-packages/django/template/base.py", line 1075, in render
    output = self.filter_expression.resolve(context)
  File "/home/denis/.local/lib/python3.10/site-packages/django/template/base.py", line 722, in resolve
    obj = self.var.resolve(context)
  File "/home/denis/.local/lib/python3.10/site-packages/django/template/base.py", line 854, in resolve
    value = self._resolve_lookup(context)
  File "/home/denis/.local/lib/python3.10/site-packages/django/template/base.py", line 901, in _resolve_lookup
    current = getattr(current, bit)
  File "/home/denis/.local/lib/python3.10/site-packages/django/db/models/fields/files.py", line 69, in url
    self._require_file()
  File "/home/denis/.local/lib/python3.10/site-packages/django/db/models/fields/files.py", line 44, in _require_file
    raise ValueError(
ValueError: The 'photo' attribute has no file associated with it.
ERROR 2025-05-19 17:17:26,853 basehttp "GET /contacts/ HTTP/1.1" 500 198090
ERROR 2025-05-19 17:17:27,041 log Internal Server Error: /contacts/
Traceback (most recent call last):
  File "/home/denis/.local/lib/python3.10/site-packages/django/template/base.py", line 890, in _resolve_lookup
    raise TypeError
TypeError

During handling of the above exception, another exception occurred:

Traceback (most recent call last):
  File "/home/denis/.local/lib/python3.10/site-packages/django/core/handlers/exception.py", line 55, in inner
    response = get_response(request)
  File "/home/denis/.local/lib/python3.10/site-packages/django/core/handlers/base.py", line 197, in _get_response
    response = wrapped_callback(request, *callback_args, **callback_kwargs)
  File "/home/denis/IGI_LabWorks/IGI/LR5/CarApp/CarApp/cars/views.py", line 73, in contacts_view
    return render(request, 'contacts/contacts.html', {'masters': masters})
  File "/home/denis/.local/lib/python3.10/site-packages/django/shortcuts.py", line 25, in render
    content = loader.render_to_string(template_name, context, request, using=using)
  File "/home/denis/.local/lib/python3.10/site-packages/django/template/loader.py", line 62, in render_to_string
    return template.render(context, request)
  File "/home/denis/.local/lib/python3.10/site-packages/django/template/backends/django.py", line 107, in render
    return self.template.render(context)
  File "/home/denis/.local/lib/python3.10/site-packages/django/template/base.py", line 171, in render
    return self._render(context)
  File "/home/denis/.local/lib/python3.10/site-packages/django/template/base.py", line 163, in _render
    return self.nodelist.render(context)
  File "/home/denis/.local/lib/python3.10/site-packages/django/template/base.py", line 1016, in render
    return SafeString("".join([node.render_annotated(context) for node in self]))
  File "/home/denis/.local/lib/python3.10/site-packages/django/template/base.py", line 1016, in <listcomp>
    return SafeString("".join([node.render_annotated(context) for node in self]))
  File "/home/denis/.local/lib/python3.10/site-packages/django/template/base.py", line 977, in render_annotated
    return self.render(context)
  File "/home/denis/.local/lib/python3.10/site-packages/django/template/loader_tags.py", line 159, in render
    return compiled_parent._render(context)
  File "/home/denis/.local/lib/python3.10/site-packages/django/template/base.py", line 163, in _render
    return self.nodelist.render(context)
  File "/home/denis/.local/lib/python3.10/site-packages/django/template/base.py", line 1016, in render
    return SafeString("".join([node.render_annotated(context) for node in self]))
  File "/home/denis/.local/lib/python3.10/site-packages/django/template/base.py", line 1016, in <listcomp>
    return SafeString("".join([node.render_annotated(context) for node in self]))
  File "/home/denis/.local/lib/python3.10/site-packages/django/template/base.py", line 977, in render_annotated
    return self.render(context)
  File "/home/denis/.local/lib/python3.10/site-packages/django/template/loader_tags.py", line 65, in render
    result = block.nodelist.render(context)
  File "/home/denis/.local/lib/python3.10/site-packages/django/template/base.py", line 1016, in render
    return SafeString("".join([node.render_annotated(context) for node in self]))
  File "/home/denis/.local/lib/python3.10/site-packages/django/template/base.py", line 1016, in <listcomp>
    return SafeString("".join([node.render_annotated(context) for node in self]))
  File "/home/denis/.local/lib/python3.10/site-packages/django/template/base.py", line 977, in render_annotated
    return self.render(context)
  File "/home/denis/.local/lib/python3.10/site-packages/django/template/defaulttags.py", line 243, in render
    nodelist.append(node.render_annotated(context))
  File "/home/denis/.local/lib/python3.10/site-packages/django/template/base.py", line 977, in render_annotated
    return self.render(context)
  File "/home/denis/.local/lib/python3.10/site-packages/django/template/base.py", line 1075, in render
    output = self.filter_expression.resolve(context)
  File "/home/denis/.local/lib/python3.10/site-packages/django/template/base.py", line 722, in resolve
    obj = self.var.resolve(context)
  File "/home/denis/.local/lib/python3.10/site-packages/django/template/base.py", line 854, in resolve
    value = self._resolve_lookup(context)
  File "/home/denis/.local/lib/python3.10/site-packages/django/template/base.py", line 901, in _resolve_lookup
    current = getattr(current, bit)
  File "/home/denis/.local/lib/python3.10/site-packages/django/db/models/fields/files.py", line 69, in url
    self._require_file()
  File "/home/denis/.local/lib/python3.10/site-packages/django/db/models/fields/files.py", line 44, in _require_file
    raise ValueError(
ValueError: The 'photo' attribute has no file associated with it.
ERROR 2025-05-19 17:17:27,042 basehttp "GET /contacts/ HTTP/1.1" 500 198090
ERROR 2025-05-19 17:17:27,193 log Internal Server Error: /contacts/
Traceback (most recent call last):
  File "/home/denis/.local/lib/python3.10/site-packages/django/template/base.py", line 890, in _resolve_lookup
    raise TypeError
TypeError

During handling of the above exception, another exception occurred:

Traceback (most recent call last):
  File "/home/denis/.local/lib/python3.10/site-packages/django/core/handlers/exception.py", line 55, in inner
    response = get_response(request)
  File "/home/denis/.local/lib/python3.10/site-packages/django/core/handlers/base.py", line 197, in _get_response
    response = wrapped_callback(request, *callback_args, **callback_kwargs)
  File "/home/denis/IGI_LabWorks/IGI/LR5/CarApp/CarApp/cars/views.py", line 73, in contacts_view
    return render(request, 'contacts/contacts.html', {'masters': masters})
  File "/home/denis/.local/lib/python3.10/site-packages/django/shortcuts.py", line 25, in render
    content = loader.render_to_string(template_name, context, request, using=using)
  File "/home/denis/.local/lib/python3.10/site-packages/django/template/loader.py", line 62, in render_to_string
    return template.render(context, request)
  File "/home/denis/.local/lib/python3.10/site-packages/django/template/backends/django.py", line 107, in render
    return self.template.render(context)
  File "/home/denis/.local/lib/python3.10/site-packages/django/template/base.py", line 171, in render
    return self._render(context)
  File "/home/denis/.local/lib/python3.10/site-packages/django/template/base.py", line 163, in _render
    return self.nodelist.render(context)
  File "/home/denis/.local/lib/python3.10/site-packages/django/template/base.py", line 1016, in render
    return SafeString("".join([node.render_annotated(context) for node in self]))
  File "/home/denis/.local/lib/python3.10/site-packages/django/template/base.py", line 1016, in <listcomp>
    return SafeString("".join([node.render_annotated(context) for node in self]))
  File "/home/denis/.local/lib/python3.10/site-packages/django/template/base.py", line 977, in render_annotated
    return self.render(context)
  File "/home/denis/.local/lib/python3.10/site-packages/django/template/loader_tags.py", line 159, in render
    return compiled_parent._render(context)
  File "/home/denis/.local/lib/python3.10/site-packages/django/template/base.py", line 163, in _render
    return self.nodelist.render(context)
  File "/home/denis/.local/lib/python3.10/site-packages/django/template/base.py", line 1016, in render
    return SafeString("".join([node.render_annotated(context) for node in self]))
  File "/home/denis/.local/lib/python3.10/site-packages/django/template/base.py", line 1016, in <listcomp>
    return SafeString("".join([node.render_annotated(context) for node in self]))
  File "/home/denis/.local/lib/python3.10/site-packages/django/template/base.py", line 977, in render_annotated
    return self.render(context)
  File "/home/denis/.local/lib/python3.10/site-packages/django/template/loader_tags.py", line 65, in render
    result = block.nodelist.render(context)
  File "/home/denis/.local/lib/python3.10/site-packages/django/template/base.py", line 1016, in render
    return SafeString("".join([node.render_annotated(context) for node in self]))
  File "/home/denis/.local/lib/python3.10/site-packages/django/template/base.py", line 1016, in <listcomp>
    return SafeString("".join([node.render_annotated(context) for node in self]))
  File "/home/denis/.local/lib/python3.10/site-packages/django/template/base.py", line 977, in render_annotated
    return self.render(context)
  File "/home/denis/.local/lib/python3.10/site-packages/django/template/defaulttags.py", line 243, in render
    nodelist.append(node.render_annotated(context))
  File "/home/denis/.local/lib/python3.10/site-packages/django/template/base.py", line 977, in render_annotated
    return self.render(context)
  File "/home/denis/.local/lib/python3.10/site-packages/django/template/base.py", line 1075, in render
    output = self.filter_expression.resolve(context)
  File "/home/denis/.local/lib/python3.10/site-packages/django/template/base.py", line 722, in resolve
    obj = self.var.resolve(context)
  File "/home/denis/.local/lib/python3.10/site-packages/django/template/base.py", line 854, in resolve
    value = self._resolve_lookup(context)
  File "/home/denis/.local/lib/python3.10/site-packages/django/template/base.py", line 901, in _resolve_lookup
    current = getattr(current, bit)
  File "/home/denis/.local/lib/python3.10/site-packages/django/db/models/fields/files.py", line 69, in url
    self._require_file()
  File "/home/denis/.local/lib/python3.10/site-packages/django/db/models/fields/files.py", line 44, in _require_file
    raise ValueError(
ValueError: The 'photo' attribute has no file associated with it.
ERROR 2025-05-19 17:17:27,193 basehttp "GET /contacts/ HTTP/1.1" 500 198090
INFO 2025-05-19 17:18:08,789 autoreload /home/denis/IGI_LabWorks/IGI/LR5/CarApp/CarApp/cars/models.py changed, reloading.
INFO 2025-05-19 17:18:09,100 autoreload Watching for file changes with StatReloader
ERROR 2025-05-19 17:18:12,045 log Internal Server Error: /contacts/
Traceback (most recent call last):
  File "/home/denis/.local/lib/python3.10/site-packages/django/template/base.py", line 890, in _resolve_lookup
    raise TypeError
TypeError

During handling of the above exception, another exception occurred:

Traceback (most recent call last):
  File "/home/denis/.local/lib/python3.10/site-packages/django/core/handlers/exception.py", line 55, in inner
    response = get_response(request)
  File "/home/denis/.local/lib/python3.10/site-packages/django/core/handlers/base.py", line 197, in _get_response
    response = wrapped_callback(request, *callback_args, **callback_kwargs)
  File "/home/denis/IGI_LabWorks/IGI/LR5/CarApp/CarApp/cars/views.py", line 73, in contacts_view
    return render(request, 'contacts/contacts.html', {'masters': masters})
  File "/home/denis/.local/lib/python3.10/site-packages/django/shortcuts.py", line 25, in render
    content = loader.render_to_string(template_name, context, request, using=using)
  File "/home/denis/.local/lib/python3.10/site-packages/django/template/loader.py", line 62, in render_to_string
    return template.render(context, request)
  File "/home/denis/.local/lib/python3.10/site-packages/django/template/backends/django.py", line 107, in render
    return self.template.render(context)
  File "/home/denis/.local/lib/python3.10/site-packages/django/template/base.py", line 171, in render
    return self._render(context)
  File "/home/denis/.local/lib/python3.10/site-packages/django/template/base.py", line 163, in _render
    return self.nodelist.render(context)
  File "/home/denis/.local/lib/python3.10/site-packages/django/template/base.py", line 1016, in render
    return SafeString("".join([node.render_annotated(context) for node in self]))
  File "/home/denis/.local/lib/python3.10/site-packages/django/template/base.py", line 1016, in <listcomp>
    return SafeString("".join([node.render_annotated(context) for node in self]))
  File "/home/denis/.local/lib/python3.10/site-packages/django/template/base.py", line 977, in render_annotated
    return self.render(context)
  File "/home/denis/.local/lib/python3.10/site-packages/django/template/loader_tags.py", line 159, in render
    return compiled_parent._render(context)
  File "/home/denis/.local/lib/python3.10/site-packages/django/template/base.py", line 163, in _render
    return self.nodelist.render(context)
  File "/home/denis/.local/lib/python3.10/site-packages/django/template/base.py", line 1016, in render
    return SafeString("".join([node.render_annotated(context) for node in self]))
  File "/home/denis/.local/lib/python3.10/site-packages/django/template/base.py", line 1016, in <listcomp>
    return SafeString("".join([node.render_annotated(context) for node in self]))
  File "/home/denis/.local/lib/python3.10/site-packages/django/template/base.py", line 977, in render_annotated
    return self.render(context)
  File "/home/denis/.local/lib/python3.10/site-packages/django/template/loader_tags.py", line 65, in render
    result = block.nodelist.render(context)
  File "/home/denis/.local/lib/python3.10/site-packages/django/template/base.py", line 1016, in render
    return SafeString("".join([node.render_annotated(context) for node in self]))
  File "/home/denis/.local/lib/python3.10/site-packages/django/template/base.py", line 1016, in <listcomp>
    return SafeString("".join([node.render_annotated(context) for node in self]))
  File "/home/denis/.local/lib/python3.10/site-packages/django/template/base.py", line 977, in render_annotated
    return self.render(context)
  File "/home/denis/.local/lib/python3.10/site-packages/django/template/defaulttags.py", line 243, in render
    nodelist.append(node.render_annotated(context))
  File "/home/denis/.local/lib/python3.10/site-packages/django/template/base.py", line 977, in render_annotated
    return self.render(context)
  File "/home/denis/.local/lib/python3.10/site-packages/django/template/base.py", line 1075, in render
    output = self.filter_expression.resolve(context)
  File "/home/denis/.local/lib/python3.10/site-packages/django/template/base.py", line 722, in resolve
    obj = self.var.resolve(context)
  File "/home/denis/.local/lib/python3.10/site-packages/django/template/base.py", line 854, in resolve
    value = self._resolve_lookup(context)
  File "/home/denis/.local/lib/python3.10/site-packages/django/template/base.py", line 901, in _resolve_lookup
    current = getattr(current, bit)
  File "/home/denis/.local/lib/python3.10/site-packages/django/db/models/fields/files.py", line 69, in url
    self._require_file()
  File "/home/denis/.local/lib/python3.10/site-packages/django/db/models/fields/files.py", line 44, in _require_file
    raise ValueError(
ValueError: The 'photo' attribute has no file associated with it.
ERROR 2025-05-19 17:18:12,046 basehttp "GET /contacts/ HTTP/1.1" 500 198090
ERROR 2025-05-19 17:18:12,691 log Internal Server Error: /contacts/
Traceback (most recent call last):
  File "/home/denis/.local/lib/python3.10/site-packages/django/template/base.py", line 890, in _resolve_lookup
    raise TypeError
TypeError

During handling of the above exception, another exception occurred:

Traceback (most recent call last):
  File "/home/denis/.local/lib/python3.10/site-packages/django/core/handlers/exception.py", line 55, in inner
    response = get_response(request)
  File "/home/denis/.local/lib/python3.10/site-packages/django/core/handlers/base.py", line 197, in _get_response
    response = wrapped_callback(request, *callback_args, **callback_kwargs)
  File "/home/denis/IGI_LabWorks/IGI/LR5/CarApp/CarApp/cars/views.py", line 73, in contacts_view
    return render(request, 'contacts/contacts.html', {'masters': masters})
  File "/home/denis/.local/lib/python3.10/site-packages/django/shortcuts.py", line 25, in render
    content = loader.render_to_string(template_name, context, request, using=using)
  File "/home/denis/.local/lib/python3.10/site-packages/django/template/loader.py", line 62, in render_to_string
    return template.render(context, request)
  File "/home/denis/.local/lib/python3.10/site-packages/django/template/backends/django.py", line 107, in render
    return self.template.render(context)
  File "/home/denis/.local/lib/python3.10/site-packages/django/template/base.py", line 171, in render
    return self._render(context)
  File "/home/denis/.local/lib/python3.10/site-packages/django/template/base.py", line 163, in _render
    return self.nodelist.render(context)
  File "/home/denis/.local/lib/python3.10/site-packages/django/template/base.py", line 1016, in render
    return SafeString("".join([node.render_annotated(context) for node in self]))
  File "/home/denis/.local/lib/python3.10/site-packages/django/template/base.py", line 1016, in <listcomp>
    return SafeString("".join([node.render_annotated(context) for node in self]))
  File "/home/denis/.local/lib/python3.10/site-packages/django/template/base.py", line 977, in render_annotated
    return self.render(context)
  File "/home/denis/.local/lib/python3.10/site-packages/django/template/loader_tags.py", line 159, in render
    return compiled_parent._render(context)
  File "/home/denis/.local/lib/python3.10/site-packages/django/template/base.py", line 163, in _render
    return self.nodelist.render(context)
  File "/home/denis/.local/lib/python3.10/site-packages/django/template/base.py", line 1016, in render
    return SafeString("".join([node.render_annotated(context) for node in self]))
  File "/home/denis/.local/lib/python3.10/site-packages/django/template/base.py", line 1016, in <listcomp>
    return SafeString("".join([node.render_annotated(context) for node in self]))
  File "/home/denis/.local/lib/python3.10/site-packages/django/template/base.py", line 977, in render_annotated
    return self.render(context)
  File "/home/denis/.local/lib/python3.10/site-packages/django/template/loader_tags.py", line 65, in render
    result = block.nodelist.render(context)
  File "/home/denis/.local/lib/python3.10/site-packages/django/template/base.py", line 1016, in render
    return SafeString("".join([node.render_annotated(context) for node in self]))
  File "/home/denis/.local/lib/python3.10/site-packages/django/template/base.py", line 1016, in <listcomp>
    return SafeString("".join([node.render_annotated(context) for node in self]))
  File "/home/denis/.local/lib/python3.10/site-packages/django/template/base.py", line 977, in render_annotated
    return self.render(context)
  File "/home/denis/.local/lib/python3.10/site-packages/django/template/defaulttags.py", line 243, in render
    nodelist.append(node.render_annotated(context))
  File "/home/denis/.local/lib/python3.10/site-packages/django/template/base.py", line 977, in render_annotated
    return self.render(context)
  File "/home/denis/.local/lib/python3.10/site-packages/django/template/base.py", line 1075, in render
    output = self.filter_expression.resolve(context)
  File "/home/denis/.local/lib/python3.10/site-packages/django/template/base.py", line 722, in resolve
    obj = self.var.resolve(context)
  File "/home/denis/.local/lib/python3.10/site-packages/django/template/base.py", line 854, in resolve
    value = self._resolve_lookup(context)
  File "/home/denis/.local/lib/python3.10/site-packages/django/template/base.py", line 901, in _resolve_lookup
    current = getattr(current, bit)
  File "/home/denis/.local/lib/python3.10/site-packages/django/db/models/fields/files.py", line 69, in url
    self._require_file()
  File "/home/denis/.local/lib/python3.10/site-packages/django/db/models/fields/files.py", line 44, in _require_file
    raise ValueError(
ValueError: The 'photo' attribute has no file associated with it.
ERROR 2025-05-19 17:18:12,692 basehttp "GET /contacts/ HTTP/1.1" 500 198090
ERROR 2025-05-19 17:18:13,219 log Internal Server Error: /contacts/
Traceback (most recent call last):
  File "/home/denis/.local/lib/python3.10/site-packages/django/template/base.py", line 890, in _resolve_lookup
    raise TypeError
TypeError

During handling of the above exception, another exception occurred:

Traceback (most recent call last):
  File "/home/denis/.local/lib/python3.10/site-packages/django/core/handlers/exception.py", line 55, in inner
    response = get_response(request)
  File "/home/denis/.local/lib/python3.10/site-packages/django/core/handlers/base.py", line 197, in _get_response
    response = wrapped_callback(request, *callback_args, **callback_kwargs)
  File "/home/denis/IGI_LabWorks/IGI/LR5/CarApp/CarApp/cars/views.py", line 73, in contacts_view
    return render(request, 'contacts/contacts.html', {'masters': masters})
  File "/home/denis/.local/lib/python3.10/site-packages/django/shortcuts.py", line 25, in render
    content = loader.render_to_string(template_name, context, request, using=using)
  File "/home/denis/.local/lib/python3.10/site-packages/django/template/loader.py", line 62, in render_to_string
    return template.render(context, request)
  File "/home/denis/.local/lib/python3.10/site-packages/django/template/backends/django.py", line 107, in render
    return self.template.render(context)
  File "/home/denis/.local/lib/python3.10/site-packages/django/template/base.py", line 171, in render
    return self._render(context)
  File "/home/denis/.local/lib/python3.10/site-packages/django/template/base.py", line 163, in _render
    return self.nodelist.render(context)
  File "/home/denis/.local/lib/python3.10/site-packages/django/template/base.py", line 1016, in render
    return SafeString("".join([node.render_annotated(context) for node in self]))
  File "/home/denis/.local/lib/python3.10/site-packages/django/template/base.py", line 1016, in <listcomp>
    return SafeString("".join([node.render_annotated(context) for node in self]))
  File "/home/denis/.local/lib/python3.10/site-packages/django/template/base.py", line 977, in render_annotated
    return self.render(context)
  File "/home/denis/.local/lib/python3.10/site-packages/django/template/loader_tags.py", line 159, in render
    return compiled_parent._render(context)
  File "/home/denis/.local/lib/python3.10/site-packages/django/template/base.py", line 163, in _render
    return self.nodelist.render(context)
  File "/home/denis/.local/lib/python3.10/site-packages/django/template/base.py", line 1016, in render
    return SafeString("".join([node.render_annotated(context) for node in self]))
  File "/home/denis/.local/lib/python3.10/site-packages/django/template/base.py", line 1016, in <listcomp>
    return SafeString("".join([node.render_annotated(context) for node in self]))
  File "/home/denis/.local/lib/python3.10/site-packages/django/template/base.py", line 977, in render_annotated
    return self.render(context)
  File "/home/denis/.local/lib/python3.10/site-packages/django/template/loader_tags.py", line 65, in render
    result = block.nodelist.render(context)
  File "/home/denis/.local/lib/python3.10/site-packages/django/template/base.py", line 1016, in render
    return SafeString("".join([node.render_annotated(context) for node in self]))
  File "/home/denis/.local/lib/python3.10/site-packages/django/template/base.py", line 1016, in <listcomp>
    return SafeString("".join([node.render_annotated(context) for node in self]))
  File "/home/denis/.local/lib/python3.10/site-packages/django/template/base.py", line 977, in render_annotated
    return self.render(context)
  File "/home/denis/.local/lib/python3.10/site-packages/django/template/defaulttags.py", line 243, in render
    nodelist.append(node.render_annotated(context))
  File "/home/denis/.local/lib/python3.10/site-packages/django/template/base.py", line 977, in render_annotated
    return self.render(context)
  File "/home/denis/.local/lib/python3.10/site-packages/django/template/base.py", line 1075, in render
    output = self.filter_expression.resolve(context)
  File "/home/denis/.local/lib/python3.10/site-packages/django/template/base.py", line 722, in resolve
    obj = self.var.resolve(context)
  File "/home/denis/.local/lib/python3.10/site-packages/django/template/base.py", line 854, in resolve
    value = self._resolve_lookup(context)
  File "/home/denis/.local/lib/python3.10/site-packages/django/template/base.py", line 901, in _resolve_lookup
    current = getattr(current, bit)
  File "/home/denis/.local/lib/python3.10/site-packages/django/db/models/fields/files.py", line 69, in url
    self._require_file()
  File "/home/denis/.local/lib/python3.10/site-packages/django/db/models/fields/files.py", line 44, in _require_file
    raise ValueError(
ValueError: The 'photo' attribute has no file associated with it.
ERROR 2025-05-19 17:18:13,220 basehttp "GET /contacts/ HTTP/1.1" 500 198090
INFO 2025-05-19 17:18:21,430 autoreload /home/denis/IGI_LabWorks/IGI/LR5/CarApp/CarApp/cars/models.py changed, reloading.
INFO 2025-05-19 17:18:21,730 autoreload Watching for file changes with StatReloader
ERROR 2025-05-19 17:18:22,728 log Internal Server Error: /contacts/
Traceback (most recent call last):
  File "/home/denis/.local/lib/python3.10/site-packages/django/template/base.py", line 890, in _resolve_lookup
    raise TypeError
TypeError

During handling of the above exception, another exception occurred:

Traceback (most recent call last):
  File "/home/denis/.local/lib/python3.10/site-packages/django/core/handlers/exception.py", line 55, in inner
    response = get_response(request)
  File "/home/denis/.local/lib/python3.10/site-packages/django/core/handlers/base.py", line 197, in _get_response
    response = wrapped_callback(request, *callback_args, **callback_kwargs)
  File "/home/denis/IGI_LabWorks/IGI/LR5/CarApp/CarApp/cars/views.py", line 73, in contacts_view
    return render(request, 'contacts/contacts.html', {'masters': masters})
  File "/home/denis/.local/lib/python3.10/site-packages/django/shortcuts.py", line 25, in render
    content = loader.render_to_string(template_name, context, request, using=using)
  File "/home/denis/.local/lib/python3.10/site-packages/django/template/loader.py", line 62, in render_to_string
    return template.render(context, request)
  File "/home/denis/.local/lib/python3.10/site-packages/django/template/backends/django.py", line 107, in render
    return self.template.render(context)
  File "/home/denis/.local/lib/python3.10/site-packages/django/template/base.py", line 171, in render
    return self._render(context)
  File "/home/denis/.local/lib/python3.10/site-packages/django/template/base.py", line 163, in _render
    return self.nodelist.render(context)
  File "/home/denis/.local/lib/python3.10/site-packages/django/template/base.py", line 1016, in render
    return SafeString("".join([node.render_annotated(context) for node in self]))
  File "/home/denis/.local/lib/python3.10/site-packages/django/template/base.py", line 1016, in <listcomp>
    return SafeString("".join([node.render_annotated(context) for node in self]))
  File "/home/denis/.local/lib/python3.10/site-packages/django/template/base.py", line 977, in render_annotated
    return self.render(context)
  File "/home/denis/.local/lib/python3.10/site-packages/django/template/loader_tags.py", line 159, in render
    return compiled_parent._render(context)
  File "/home/denis/.local/lib/python3.10/site-packages/django/template/base.py", line 163, in _render
    return self.nodelist.render(context)
  File "/home/denis/.local/lib/python3.10/site-packages/django/template/base.py", line 1016, in render
    return SafeString("".join([node.render_annotated(context) for node in self]))
  File "/home/denis/.local/lib/python3.10/site-packages/django/template/base.py", line 1016, in <listcomp>
    return SafeString("".join([node.render_annotated(context) for node in self]))
  File "/home/denis/.local/lib/python3.10/site-packages/django/template/base.py", line 977, in render_annotated
    return self.render(context)
  File "/home/denis/.local/lib/python3.10/site-packages/django/template/loader_tags.py", line 65, in render
    result = block.nodelist.render(context)
  File "/home/denis/.local/lib/python3.10/site-packages/django/template/base.py", line 1016, in render
    return SafeString("".join([node.render_annotated(context) for node in self]))
  File "/home/denis/.local/lib/python3.10/site-packages/django/template/base.py", line 1016, in <listcomp>
    return SafeString("".join([node.render_annotated(context) for node in self]))
  File "/home/denis/.local/lib/python3.10/site-packages/django/template/base.py", line 977, in render_annotated
    return self.render(context)
  File "/home/denis/.local/lib/python3.10/site-packages/django/template/defaulttags.py", line 243, in render
    nodelist.append(node.render_annotated(context))
  File "/home/denis/.local/lib/python3.10/site-packages/django/template/base.py", line 977, in render_annotated
    return self.render(context)
  File "/home/denis/.local/lib/python3.10/site-packages/django/template/base.py", line 1075, in render
    output = self.filter_expression.resolve(context)
  File "/home/denis/.local/lib/python3.10/site-packages/django/template/base.py", line 722, in resolve
    obj = self.var.resolve(context)
  File "/home/denis/.local/lib/python3.10/site-packages/django/template/base.py", line 854, in resolve
    value = self._resolve_lookup(context)
  File "/home/denis/.local/lib/python3.10/site-packages/django/template/base.py", line 901, in _resolve_lookup
    current = getattr(current, bit)
  File "/home/denis/.local/lib/python3.10/site-packages/django/db/models/fields/files.py", line 69, in url
    self._require_file()
  File "/home/denis/.local/lib/python3.10/site-packages/django/db/models/fields/files.py", line 44, in _require_file
    raise ValueError(
ValueError: The 'photo' attribute has no file associated with it.
ERROR 2025-05-19 17:18:22,729 basehttp "GET /contacts/ HTTP/1.1" 500 198090
ERROR 2025-05-19 17:18:23,282 log Internal Server Error: /contacts/
Traceback (most recent call last):
  File "/home/denis/.local/lib/python3.10/site-packages/django/template/base.py", line 890, in _resolve_lookup
    raise TypeError
TypeError

During handling of the above exception, another exception occurred:

Traceback (most recent call last):
  File "/home/denis/.local/lib/python3.10/site-packages/django/core/handlers/exception.py", line 55, in inner
    response = get_response(request)
  File "/home/denis/.local/lib/python3.10/site-packages/django/core/handlers/base.py", line 197, in _get_response
    response = wrapped_callback(request, *callback_args, **callback_kwargs)
  File "/home/denis/IGI_LabWorks/IGI/LR5/CarApp/CarApp/cars/views.py", line 73, in contacts_view
    return render(request, 'contacts/contacts.html', {'masters': masters})
  File "/home/denis/.local/lib/python3.10/site-packages/django/shortcuts.py", line 25, in render
    content = loader.render_to_string(template_name, context, request, using=using)
  File "/home/denis/.local/lib/python3.10/site-packages/django/template/loader.py", line 62, in render_to_string
    return template.render(context, request)
  File "/home/denis/.local/lib/python3.10/site-packages/django/template/backends/django.py", line 107, in render
    return self.template.render(context)
  File "/home/denis/.local/lib/python3.10/site-packages/django/template/base.py", line 171, in render
    return self._render(context)
  File "/home/denis/.local/lib/python3.10/site-packages/django/template/base.py", line 163, in _render
    return self.nodelist.render(context)
  File "/home/denis/.local/lib/python3.10/site-packages/django/template/base.py", line 1016, in render
    return SafeString("".join([node.render_annotated(context) for node in self]))
  File "/home/denis/.local/lib/python3.10/site-packages/django/template/base.py", line 1016, in <listcomp>
    return SafeString("".join([node.render_annotated(context) for node in self]))
  File "/home/denis/.local/lib/python3.10/site-packages/django/template/base.py", line 977, in render_annotated
    return self.render(context)
  File "/home/denis/.local/lib/python3.10/site-packages/django/template/loader_tags.py", line 159, in render
    return compiled_parent._render(context)
  File "/home/denis/.local/lib/python3.10/site-packages/django/template/base.py", line 163, in _render
    return self.nodelist.render(context)
  File "/home/denis/.local/lib/python3.10/site-packages/django/template/base.py", line 1016, in render
    return SafeString("".join([node.render_annotated(context) for node in self]))
  File "/home/denis/.local/lib/python3.10/site-packages/django/template/base.py", line 1016, in <listcomp>
    return SafeString("".join([node.render_annotated(context) for node in self]))
  File "/home/denis/.local/lib/python3.10/site-packages/django/template/base.py", line 977, in render_annotated
    return self.render(context)
  File "/home/denis/.local/lib/python3.10/site-packages/django/template/loader_tags.py", line 65, in render
    result = block.nodelist.render(context)
  File "/home/denis/.local/lib/python3.10/site-packages/django/template/base.py", line 1016, in render
    return SafeString("".join([node.render_annotated(context) for node in self]))
  File "/home/denis/.local/lib/python3.10/site-packages/django/template/base.py", line 1016, in <listcomp>
    return SafeString("".join([node.render_annotated(context) for node in self]))
  File "/home/denis/.local/lib/python3.10/site-packages/django/template/base.py", line 977, in render_annotated
    return self.render(context)
  File "/home/denis/.local/lib/python3.10/site-packages/django/template/defaulttags.py", line 243, in render
    nodelist.append(node.render_annotated(context))
  File "/home/denis/.local/lib/python3.10/site-packages/django/template/base.py", line 977, in render_annotated
    return self.render(context)
  File "/home/denis/.local/lib/python3.10/site-packages/django/template/base.py", line 1075, in render
    output = self.filter_expression.resolve(context)
  File "/home/denis/.local/lib/python3.10/site-packages/django/template/base.py", line 722, in resolve
    obj = self.var.resolve(context)
  File "/home/denis/.local/lib/python3.10/site-packages/django/template/base.py", line 854, in resolve
    value = self._resolve_lookup(context)
  File "/home/denis/.local/lib/python3.10/site-packages/django/template/base.py", line 901, in _resolve_lookup
    current = getattr(current, bit)
  File "/home/denis/.local/lib/python3.10/site-packages/django/db/models/fields/files.py", line 69, in url
    self._require_file()
  File "/home/denis/.local/lib/python3.10/site-packages/django/db/models/fields/files.py", line 44, in _require_file
    raise ValueError(
ValueError: The 'photo' attribute has no file associated with it.
ERROR 2025-05-19 17:18:23,283 basehttp "GET /contacts/ HTTP/1.1" 500 198090
INFO 2025-05-19 17:18:49,147 autoreload /home/denis/IGI_LabWorks/IGI/LR5/CarApp/CarApp/cars/models.py changed, reloading.
INFO 2025-05-19 17:18:49,370 autoreload Watching for file changes with StatReloader
ERROR 2025-05-19 17:18:51,438 log Internal Server Error: /contacts/
Traceback (most recent call last):
  File "/home/denis/.local/lib/python3.10/site-packages/django/template/base.py", line 890, in _resolve_lookup
    raise TypeError
TypeError

During handling of the above exception, another exception occurred:

Traceback (most recent call last):
  File "/home/denis/.local/lib/python3.10/site-packages/django/core/handlers/exception.py", line 55, in inner
    response = get_response(request)
  File "/home/denis/.local/lib/python3.10/site-packages/django/core/handlers/base.py", line 197, in _get_response
    response = wrapped_callback(request, *callback_args, **callback_kwargs)
  File "/home/denis/IGI_LabWorks/IGI/LR5/CarApp/CarApp/cars/views.py", line 73, in contacts_view
    return render(request, 'contacts/contacts.html', {'masters': masters})
  File "/home/denis/.local/lib/python3.10/site-packages/django/shortcuts.py", line 25, in render
    content = loader.render_to_string(template_name, context, request, using=using)
  File "/home/denis/.local/lib/python3.10/site-packages/django/template/loader.py", line 62, in render_to_string
    return template.render(context, request)
  File "/home/denis/.local/lib/python3.10/site-packages/django/template/backends/django.py", line 107, in render
    return self.template.render(context)
  File "/home/denis/.local/lib/python3.10/site-packages/django/template/base.py", line 171, in render
    return self._render(context)
  File "/home/denis/.local/lib/python3.10/site-packages/django/template/base.py", line 163, in _render
    return self.nodelist.render(context)
  File "/home/denis/.local/lib/python3.10/site-packages/django/template/base.py", line 1016, in render
    return SafeString("".join([node.render_annotated(context) for node in self]))
  File "/home/denis/.local/lib/python3.10/site-packages/django/template/base.py", line 1016, in <listcomp>
    return SafeString("".join([node.render_annotated(context) for node in self]))
  File "/home/denis/.local/lib/python3.10/site-packages/django/template/base.py", line 977, in render_annotated
    return self.render(context)
  File "/home/denis/.local/lib/python3.10/site-packages/django/template/loader_tags.py", line 159, in render
    return compiled_parent._render(context)
  File "/home/denis/.local/lib/python3.10/site-packages/django/template/base.py", line 163, in _render
    return self.nodelist.render(context)
  File "/home/denis/.local/lib/python3.10/site-packages/django/template/base.py", line 1016, in render
    return SafeString("".join([node.render_annotated(context) for node in self]))
  File "/home/denis/.local/lib/python3.10/site-packages/django/template/base.py", line 1016, in <listcomp>
    return SafeString("".join([node.render_annotated(context) for node in self]))
  File "/home/denis/.local/lib/python3.10/site-packages/django/template/base.py", line 977, in render_annotated
    return self.render(context)
  File "/home/denis/.local/lib/python3.10/site-packages/django/template/loader_tags.py", line 65, in render
    result = block.nodelist.render(context)
  File "/home/denis/.local/lib/python3.10/site-packages/django/template/base.py", line 1016, in render
    return SafeString("".join([node.render_annotated(context) for node in self]))
  File "/home/denis/.local/lib/python3.10/site-packages/django/template/base.py", line 1016, in <listcomp>
    return SafeString("".join([node.render_annotated(context) for node in self]))
  File "/home/denis/.local/lib/python3.10/site-packages/django/template/base.py", line 977, in render_annotated
    return self.render(context)
  File "/home/denis/.local/lib/python3.10/site-packages/django/template/defaulttags.py", line 243, in render
    nodelist.append(node.render_annotated(context))
  File "/home/denis/.local/lib/python3.10/site-packages/django/template/base.py", line 977, in render_annotated
    return self.render(context)
  File "/home/denis/.local/lib/python3.10/site-packages/django/template/base.py", line 1075, in render
    output = self.filter_expression.resolve(context)
  File "/home/denis/.local/lib/python3.10/site-packages/django/template/base.py", line 722, in resolve
    obj = self.var.resolve(context)
  File "/home/denis/.local/lib/python3.10/site-packages/django/template/base.py", line 854, in resolve
    value = self._resolve_lookup(context)
  File "/home/denis/.local/lib/python3.10/site-packages/django/template/base.py", line 901, in _resolve_lookup
    current = getattr(current, bit)
  File "/home/denis/.local/lib/python3.10/site-packages/django/db/models/fields/files.py", line 69, in url
    self._require_file()
  File "/home/denis/.local/lib/python3.10/site-packages/django/db/models/fields/files.py", line 44, in _require_file
    raise ValueError(
ValueError: The 'photo' attribute has no file associated with it.
ERROR 2025-05-19 17:18:51,439 basehttp "GET /contacts/ HTTP/1.1" 500 198090
ERROR 2025-05-19 17:18:51,995 log Internal Server Error: /contacts/
Traceback (most recent call last):
  File "/home/denis/.local/lib/python3.10/site-packages/django/template/base.py", line 890, in _resolve_lookup
    raise TypeError
TypeError

During handling of the above exception, another exception occurred:

Traceback (most recent call last):
  File "/home/denis/.local/lib/python3.10/site-packages/django/core/handlers/exception.py", line 55, in inner
    response = get_response(request)
  File "/home/denis/.local/lib/python3.10/site-packages/django/core/handlers/base.py", line 197, in _get_response
    response = wrapped_callback(request, *callback_args, **callback_kwargs)
  File "/home/denis/IGI_LabWorks/IGI/LR5/CarApp/CarApp/cars/views.py", line 73, in contacts_view
    return render(request, 'contacts/contacts.html', {'masters': masters})
  File "/home/denis/.local/lib/python3.10/site-packages/django/shortcuts.py", line 25, in render
    content = loader.render_to_string(template_name, context, request, using=using)
  File "/home/denis/.local/lib/python3.10/site-packages/django/template/loader.py", line 62, in render_to_string
    return template.render(context, request)
  File "/home/denis/.local/lib/python3.10/site-packages/django/template/backends/django.py", line 107, in render
    return self.template.render(context)
  File "/home/denis/.local/lib/python3.10/site-packages/django/template/base.py", line 171, in render
    return self._render(context)
  File "/home/denis/.local/lib/python3.10/site-packages/django/template/base.py", line 163, in _render
    return self.nodelist.render(context)
  File "/home/denis/.local/lib/python3.10/site-packages/django/template/base.py", line 1016, in render
    return SafeString("".join([node.render_annotated(context) for node in self]))
  File "/home/denis/.local/lib/python3.10/site-packages/django/template/base.py", line 1016, in <listcomp>
    return SafeString("".join([node.render_annotated(context) for node in self]))
  File "/home/denis/.local/lib/python3.10/site-packages/django/template/base.py", line 977, in render_annotated
    return self.render(context)
  File "/home/denis/.local/lib/python3.10/site-packages/django/template/loader_tags.py", line 159, in render
    return compiled_parent._render(context)
  File "/home/denis/.local/lib/python3.10/site-packages/django/template/base.py", line 163, in _render
    return self.nodelist.render(context)
  File "/home/denis/.local/lib/python3.10/site-packages/django/template/base.py", line 1016, in render
    return SafeString("".join([node.render_annotated(context) for node in self]))
  File "/home/denis/.local/lib/python3.10/site-packages/django/template/base.py", line 1016, in <listcomp>
    return SafeString("".join([node.render_annotated(context) for node in self]))
  File "/home/denis/.local/lib/python3.10/site-packages/django/template/base.py", line 977, in render_annotated
    return self.render(context)
  File "/home/denis/.local/lib/python3.10/site-packages/django/template/loader_tags.py", line 65, in render
    result = block.nodelist.render(context)
  File "/home/denis/.local/lib/python3.10/site-packages/django/template/base.py", line 1016, in render
    return SafeString("".join([node.render_annotated(context) for node in self]))
  File "/home/denis/.local/lib/python3.10/site-packages/django/template/base.py", line 1016, in <listcomp>
    return SafeString("".join([node.render_annotated(context) for node in self]))
  File "/home/denis/.local/lib/python3.10/site-packages/django/template/base.py", line 977, in render_annotated
    return self.render(context)
  File "/home/denis/.local/lib/python3.10/site-packages/django/template/defaulttags.py", line 243, in render
    nodelist.append(node.render_annotated(context))
  File "/home/denis/.local/lib/python3.10/site-packages/django/template/base.py", line 977, in render_annotated
    return self.render(context)
  File "/home/denis/.local/lib/python3.10/site-packages/django/template/base.py", line 1075, in render
    output = self.filter_expression.resolve(context)
  File "/home/denis/.local/lib/python3.10/site-packages/django/template/base.py", line 722, in resolve
    obj = self.var.resolve(context)
  File "/home/denis/.local/lib/python3.10/site-packages/django/template/base.py", line 854, in resolve
    value = self._resolve_lookup(context)
  File "/home/denis/.local/lib/python3.10/site-packages/django/template/base.py", line 901, in _resolve_lookup
    current = getattr(current, bit)
  File "/home/denis/.local/lib/python3.10/site-packages/django/db/models/fields/files.py", line 69, in url
    self._require_file()
  File "/home/denis/.local/lib/python3.10/site-packages/django/db/models/fields/files.py", line 44, in _require_file
    raise ValueError(
ValueError: The 'photo' attribute has no file associated with it.
ERROR 2025-05-19 17:18:51,996 basehttp "GET /contacts/ HTTP/1.1" 500 198090
ERROR 2025-05-19 17:18:52,394 log Internal Server Error: /contacts/
Traceback (most recent call last):
  File "/home/denis/.local/lib/python3.10/site-packages/django/template/base.py", line 890, in _resolve_lookup
    raise TypeError
TypeError

During handling of the above exception, another exception occurred:

Traceback (most recent call last):
  File "/home/denis/.local/lib/python3.10/site-packages/django/core/handlers/exception.py", line 55, in inner
    response = get_response(request)
  File "/home/denis/.local/lib/python3.10/site-packages/django/core/handlers/base.py", line 197, in _get_response
    response = wrapped_callback(request, *callback_args, **callback_kwargs)
  File "/home/denis/IGI_LabWorks/IGI/LR5/CarApp/CarApp/cars/views.py", line 73, in contacts_view
    return render(request, 'contacts/contacts.html', {'masters': masters})
  File "/home/denis/.local/lib/python3.10/site-packages/django/shortcuts.py", line 25, in render
    content = loader.render_to_string(template_name, context, request, using=using)
  File "/home/denis/.local/lib/python3.10/site-packages/django/template/loader.py", line 62, in render_to_string
    return template.render(context, request)
  File "/home/denis/.local/lib/python3.10/site-packages/django/template/backends/django.py", line 107, in render
    return self.template.render(context)
  File "/home/denis/.local/lib/python3.10/site-packages/django/template/base.py", line 171, in render
    return self._render(context)
  File "/home/denis/.local/lib/python3.10/site-packages/django/template/base.py", line 163, in _render
    return self.nodelist.render(context)
  File "/home/denis/.local/lib/python3.10/site-packages/django/template/base.py", line 1016, in render
    return SafeString("".join([node.render_annotated(context) for node in self]))
  File "/home/denis/.local/lib/python3.10/site-packages/django/template/base.py", line 1016, in <listcomp>
    return SafeString("".join([node.render_annotated(context) for node in self]))
  File "/home/denis/.local/lib/python3.10/site-packages/django/template/base.py", line 977, in render_annotated
    return self.render(context)
  File "/home/denis/.local/lib/python3.10/site-packages/django/template/loader_tags.py", line 159, in render
    return compiled_parent._render(context)
  File "/home/denis/.local/lib/python3.10/site-packages/django/template/base.py", line 163, in _render
    return self.nodelist.render(context)
  File "/home/denis/.local/lib/python3.10/site-packages/django/template/base.py", line 1016, in render
    return SafeString("".join([node.render_annotated(context) for node in self]))
  File "/home/denis/.local/lib/python3.10/site-packages/django/template/base.py", line 1016, in <listcomp>
    return SafeString("".join([node.render_annotated(context) for node in self]))
  File "/home/denis/.local/lib/python3.10/site-packages/django/template/base.py", line 977, in render_annotated
    return self.render(context)
  File "/home/denis/.local/lib/python3.10/site-packages/django/template/loader_tags.py", line 65, in render
    result = block.nodelist.render(context)
  File "/home/denis/.local/lib/python3.10/site-packages/django/template/base.py", line 1016, in render
    return SafeString("".join([node.render_annotated(context) for node in self]))
  File "/home/denis/.local/lib/python3.10/site-packages/django/template/base.py", line 1016, in <listcomp>
    return SafeString("".join([node.render_annotated(context) for node in self]))
  File "/home/denis/.local/lib/python3.10/site-packages/django/template/base.py", line 977, in render_annotated
    return self.render(context)
  File "/home/denis/.local/lib/python3.10/site-packages/django/template/defaulttags.py", line 243, in render
    nodelist.append(node.render_annotated(context))
  File "/home/denis/.local/lib/python3.10/site-packages/django/template/base.py", line 977, in render_annotated
    return self.render(context)
  File "/home/denis/.local/lib/python3.10/site-packages/django/template/base.py", line 1075, in render
    output = self.filter_expression.resolve(context)
  File "/home/denis/.local/lib/python3.10/site-packages/django/template/base.py", line 722, in resolve
    obj = self.var.resolve(context)
  File "/home/denis/.local/lib/python3.10/site-packages/django/template/base.py", line 854, in resolve
    value = self._resolve_lookup(context)
  File "/home/denis/.local/lib/python3.10/site-packages/django/template/base.py", line 901, in _resolve_lookup
    current = getattr(current, bit)
  File "/home/denis/.local/lib/python3.10/site-packages/django/db/models/fields/files.py", line 69, in url
    self._require_file()
  File "/home/denis/.local/lib/python3.10/site-packages/django/db/models/fields/files.py", line 44, in _require_file
    raise ValueError(
ValueError: The 'photo' attribute has no file associated with it.
ERROR 2025-05-19 17:18:52,394 basehttp "GET /contacts/ HTTP/1.1" 500 198090
ERROR 2025-05-19 17:18:52,546 log Internal Server Error: /contacts/
Traceback (most recent call last):
  File "/home/denis/.local/lib/python3.10/site-packages/django/template/base.py", line 890, in _resolve_lookup
    raise TypeError
TypeError

During handling of the above exception, another exception occurred:

Traceback (most recent call last):
  File "/home/denis/.local/lib/python3.10/site-packages/django/core/handlers/exception.py", line 55, in inner
    response = get_response(request)
  File "/home/denis/.local/lib/python3.10/site-packages/django/core/handlers/base.py", line 197, in _get_response
    response = wrapped_callback(request, *callback_args, **callback_kwargs)
  File "/home/denis/IGI_LabWorks/IGI/LR5/CarApp/CarApp/cars/views.py", line 73, in contacts_view
    return render(request, 'contacts/contacts.html', {'masters': masters})
  File "/home/denis/.local/lib/python3.10/site-packages/django/shortcuts.py", line 25, in render
    content = loader.render_to_string(template_name, context, request, using=using)
  File "/home/denis/.local/lib/python3.10/site-packages/django/template/loader.py", line 62, in render_to_string
    return template.render(context, request)
  File "/home/denis/.local/lib/python3.10/site-packages/django/template/backends/django.py", line 107, in render
    return self.template.render(context)
  File "/home/denis/.local/lib/python3.10/site-packages/django/template/base.py", line 171, in render
    return self._render(context)
  File "/home/denis/.local/lib/python3.10/site-packages/django/template/base.py", line 163, in _render
    return self.nodelist.render(context)
  File "/home/denis/.local/lib/python3.10/site-packages/django/template/base.py", line 1016, in render
    return SafeString("".join([node.render_annotated(context) for node in self]))
  File "/home/denis/.local/lib/python3.10/site-packages/django/template/base.py", line 1016, in <listcomp>
    return SafeString("".join([node.render_annotated(context) for node in self]))
  File "/home/denis/.local/lib/python3.10/site-packages/django/template/base.py", line 977, in render_annotated
    return self.render(context)
  File "/home/denis/.local/lib/python3.10/site-packages/django/template/loader_tags.py", line 159, in render
    return compiled_parent._render(context)
  File "/home/denis/.local/lib/python3.10/site-packages/django/template/base.py", line 163, in _render
    return self.nodelist.render(context)
  File "/home/denis/.local/lib/python3.10/site-packages/django/template/base.py", line 1016, in render
    return SafeString("".join([node.render_annotated(context) for node in self]))
  File "/home/denis/.local/lib/python3.10/site-packages/django/template/base.py", line 1016, in <listcomp>
    return SafeString("".join([node.render_annotated(context) for node in self]))
  File "/home/denis/.local/lib/python3.10/site-packages/django/template/base.py", line 977, in render_annotated
    return self.render(context)
  File "/home/denis/.local/lib/python3.10/site-packages/django/template/loader_tags.py", line 65, in render
    result = block.nodelist.render(context)
  File "/home/denis/.local/lib/python3.10/site-packages/django/template/base.py", line 1016, in render
    return SafeString("".join([node.render_annotated(context) for node in self]))
  File "/home/denis/.local/lib/python3.10/site-packages/django/template/base.py", line 1016, in <listcomp>
    return SafeString("".join([node.render_annotated(context) for node in self]))
  File "/home/denis/.local/lib/python3.10/site-packages/django/template/base.py", line 977, in render_annotated
    return self.render(context)
  File "/home/denis/.local/lib/python3.10/site-packages/django/template/defaulttags.py", line 243, in render
    nodelist.append(node.render_annotated(context))
  File "/home/denis/.local/lib/python3.10/site-packages/django/template/base.py", line 977, in render_annotated
    return self.render(context)
  File "/home/denis/.local/lib/python3.10/site-packages/django/template/base.py", line 1075, in render
    output = self.filter_expression.resolve(context)
  File "/home/denis/.local/lib/python3.10/site-packages/django/template/base.py", line 722, in resolve
    obj = self.var.resolve(context)
  File "/home/denis/.local/lib/python3.10/site-packages/django/template/base.py", line 854, in resolve
    value = self._resolve_lookup(context)
  File "/home/denis/.local/lib/python3.10/site-packages/django/template/base.py", line 901, in _resolve_lookup
    current = getattr(current, bit)
  File "/home/denis/.local/lib/python3.10/site-packages/django/db/models/fields/files.py", line 69, in url
    self._require_file()
  File "/home/denis/.local/lib/python3.10/site-packages/django/db/models/fields/files.py", line 44, in _require_file
    raise ValueError(
ValueError: The 'photo' attribute has no file associated with it.
ERROR 2025-05-19 17:18:52,547 basehttp "GET /contacts/ HTTP/1.1" 500 198090
ERROR 2025-05-19 17:18:52,757 log Internal Server Error: /contacts/
Traceback (most recent call last):
  File "/home/denis/.local/lib/python3.10/site-packages/django/template/base.py", line 890, in _resolve_lookup
    raise TypeError
TypeError

During handling of the above exception, another exception occurred:

Traceback (most recent call last):
  File "/home/denis/.local/lib/python3.10/site-packages/django/core/handlers/exception.py", line 55, in inner
    response = get_response(request)
  File "/home/denis/.local/lib/python3.10/site-packages/django/core/handlers/base.py", line 197, in _get_response
    response = wrapped_callback(request, *callback_args, **callback_kwargs)
  File "/home/denis/IGI_LabWorks/IGI/LR5/CarApp/CarApp/cars/views.py", line 73, in contacts_view
    return render(request, 'contacts/contacts.html', {'masters': masters})
  File "/home/denis/.local/lib/python3.10/site-packages/django/shortcuts.py", line 25, in render
    content = loader.render_to_string(template_name, context, request, using=using)
  File "/home/denis/.local/lib/python3.10/site-packages/django/template/loader.py", line 62, in render_to_string
    return template.render(context, request)
  File "/home/denis/.local/lib/python3.10/site-packages/django/template/backends/django.py", line 107, in render
    return self.template.render(context)
  File "/home/denis/.local/lib/python3.10/site-packages/django/template/base.py", line 171, in render
    return self._render(context)
  File "/home/denis/.local/lib/python3.10/site-packages/django/template/base.py", line 163, in _render
    return self.nodelist.render(context)
  File "/home/denis/.local/lib/python3.10/site-packages/django/template/base.py", line 1016, in render
    return SafeString("".join([node.render_annotated(context) for node in self]))
  File "/home/denis/.local/lib/python3.10/site-packages/django/template/base.py", line 1016, in <listcomp>
    return SafeString("".join([node.render_annotated(context) for node in self]))
  File "/home/denis/.local/lib/python3.10/site-packages/django/template/base.py", line 977, in render_annotated
    return self.render(context)
  File "/home/denis/.local/lib/python3.10/site-packages/django/template/loader_tags.py", line 159, in render
    return compiled_parent._render(context)
  File "/home/denis/.local/lib/python3.10/site-packages/django/template/base.py", line 163, in _render
    return self.nodelist.render(context)
  File "/home/denis/.local/lib/python3.10/site-packages/django/template/base.py", line 1016, in render
    return SafeString("".join([node.render_annotated(context) for node in self]))
  File "/home/denis/.local/lib/python3.10/site-packages/django/template/base.py", line 1016, in <listcomp>
    return SafeString("".join([node.render_annotated(context) for node in self]))
  File "/home/denis/.local/lib/python3.10/site-packages/django/template/base.py", line 977, in render_annotated
    return self.render(context)
  File "/home/denis/.local/lib/python3.10/site-packages/django/template/loader_tags.py", line 65, in render
    result = block.nodelist.render(context)
  File "/home/denis/.local/lib/python3.10/site-packages/django/template/base.py", line 1016, in render
    return SafeString("".join([node.render_annotated(context) for node in self]))
  File "/home/denis/.local/lib/python3.10/site-packages/django/template/base.py", line 1016, in <listcomp>
    return SafeString("".join([node.render_annotated(context) for node in self]))
  File "/home/denis/.local/lib/python3.10/site-packages/django/template/base.py", line 977, in render_annotated
    return self.render(context)
  File "/home/denis/.local/lib/python3.10/site-packages/django/template/defaulttags.py", line 243, in render
    nodelist.append(node.render_annotated(context))
  File "/home/denis/.local/lib/python3.10/site-packages/django/template/base.py", line 977, in render_annotated
    return self.render(context)
  File "/home/denis/.local/lib/python3.10/site-packages/django/template/base.py", line 1075, in render
    output = self.filter_expression.resolve(context)
  File "/home/denis/.local/lib/python3.10/site-packages/django/template/base.py", line 722, in resolve
    obj = self.var.resolve(context)
  File "/home/denis/.local/lib/python3.10/site-packages/django/template/base.py", line 854, in resolve
    value = self._resolve_lookup(context)
  File "/home/denis/.local/lib/python3.10/site-packages/django/template/base.py", line 901, in _resolve_lookup
    current = getattr(current, bit)
  File "/home/denis/.local/lib/python3.10/site-packages/django/db/models/fields/files.py", line 69, in url
    self._require_file()
  File "/home/denis/.local/lib/python3.10/site-packages/django/db/models/fields/files.py", line 44, in _require_file
    raise ValueError(
ValueError: The 'photo' attribute has no file associated with it.
ERROR 2025-05-19 17:18:52,758 basehttp "GET /contacts/ HTTP/1.1" 500 198090
ERROR 2025-05-19 17:18:52,951 log Internal Server Error: /contacts/
Traceback (most recent call last):
  File "/home/denis/.local/lib/python3.10/site-packages/django/template/base.py", line 890, in _resolve_lookup
    raise TypeError
TypeError

During handling of the above exception, another exception occurred:

Traceback (most recent call last):
  File "/home/denis/.local/lib/python3.10/site-packages/django/core/handlers/exception.py", line 55, in inner
    response = get_response(request)
  File "/home/denis/.local/lib/python3.10/site-packages/django/core/handlers/base.py", line 197, in _get_response
    response = wrapped_callback(request, *callback_args, **callback_kwargs)
  File "/home/denis/IGI_LabWorks/IGI/LR5/CarApp/CarApp/cars/views.py", line 73, in contacts_view
    return render(request, 'contacts/contacts.html', {'masters': masters})
  File "/home/denis/.local/lib/python3.10/site-packages/django/shortcuts.py", line 25, in render
    content = loader.render_to_string(template_name, context, request, using=using)
  File "/home/denis/.local/lib/python3.10/site-packages/django/template/loader.py", line 62, in render_to_string
    return template.render(context, request)
  File "/home/denis/.local/lib/python3.10/site-packages/django/template/backends/django.py", line 107, in render
    return self.template.render(context)
  File "/home/denis/.local/lib/python3.10/site-packages/django/template/base.py", line 171, in render
    return self._render(context)
  File "/home/denis/.local/lib/python3.10/site-packages/django/template/base.py", line 163, in _render
    return self.nodelist.render(context)
  File "/home/denis/.local/lib/python3.10/site-packages/django/template/base.py", line 1016, in render
    return SafeString("".join([node.render_annotated(context) for node in self]))
  File "/home/denis/.local/lib/python3.10/site-packages/django/template/base.py", line 1016, in <listcomp>
    return SafeString("".join([node.render_annotated(context) for node in self]))
  File "/home/denis/.local/lib/python3.10/site-packages/django/template/base.py", line 977, in render_annotated
    return self.render(context)
  File "/home/denis/.local/lib/python3.10/site-packages/django/template/loader_tags.py", line 159, in render
    return compiled_parent._render(context)
  File "/home/denis/.local/lib/python3.10/site-packages/django/template/base.py", line 163, in _render
    return self.nodelist.render(context)
  File "/home/denis/.local/lib/python3.10/site-packages/django/template/base.py", line 1016, in render
    return SafeString("".join([node.render_annotated(context) for node in self]))
  File "/home/denis/.local/lib/python3.10/site-packages/django/template/base.py", line 1016, in <listcomp>
    return SafeString("".join([node.render_annotated(context) for node in self]))
  File "/home/denis/.local/lib/python3.10/site-packages/django/template/base.py", line 977, in render_annotated
    return self.render(context)
  File "/home/denis/.local/lib/python3.10/site-packages/django/template/loader_tags.py", line 65, in render
    result = block.nodelist.render(context)
  File "/home/denis/.local/lib/python3.10/site-packages/django/template/base.py", line 1016, in render
    return SafeString("".join([node.render_annotated(context) for node in self]))
  File "/home/denis/.local/lib/python3.10/site-packages/django/template/base.py", line 1016, in <listcomp>
    return SafeString("".join([node.render_annotated(context) for node in self]))
  File "/home/denis/.local/lib/python3.10/site-packages/django/template/base.py", line 977, in render_annotated
    return self.render(context)
  File "/home/denis/.local/lib/python3.10/site-packages/django/template/defaulttags.py", line 243, in render
    nodelist.append(node.render_annotated(context))
  File "/home/denis/.local/lib/python3.10/site-packages/django/template/base.py", line 977, in render_annotated
    return self.render(context)
  File "/home/denis/.local/lib/python3.10/site-packages/django/template/base.py", line 1075, in render
    output = self.filter_expression.resolve(context)
  File "/home/denis/.local/lib/python3.10/site-packages/django/template/base.py", line 722, in resolve
    obj = self.var.resolve(context)
  File "/home/denis/.local/lib/python3.10/site-packages/django/template/base.py", line 854, in resolve
    value = self._resolve_lookup(context)
  File "/home/denis/.local/lib/python3.10/site-packages/django/template/base.py", line 901, in _resolve_lookup
    current = getattr(current, bit)
  File "/home/denis/.local/lib/python3.10/site-packages/django/db/models/fields/files.py", line 69, in url
    self._require_file()
  File "/home/denis/.local/lib/python3.10/site-packages/django/db/models/fields/files.py", line 44, in _require_file
    raise ValueError(
ValueError: The 'photo' attribute has no file associated with it.
ERROR 2025-05-19 17:18:52,952 basehttp "GET /contacts/ HTTP/1.1" 500 198090
ERROR 2025-05-19 17:18:53,252 log Internal Server Error: /contacts/
Traceback (most recent call last):
  File "/home/denis/.local/lib/python3.10/site-packages/django/template/base.py", line 890, in _resolve_lookup
    raise TypeError
TypeError

During handling of the above exception, another exception occurred:

Traceback (most recent call last):
  File "/home/denis/.local/lib/python3.10/site-packages/django/core/handlers/exception.py", line 55, in inner
    response = get_response(request)
  File "/home/denis/.local/lib/python3.10/site-packages/django/core/handlers/base.py", line 197, in _get_response
    response = wrapped_callback(request, *callback_args, **callback_kwargs)
  File "/home/denis/IGI_LabWorks/IGI/LR5/CarApp/CarApp/cars/views.py", line 73, in contacts_view
    return render(request, 'contacts/contacts.html', {'masters': masters})
  File "/home/denis/.local/lib/python3.10/site-packages/django/shortcuts.py", line 25, in render
    content = loader.render_to_string(template_name, context, request, using=using)
  File "/home/denis/.local/lib/python3.10/site-packages/django/template/loader.py", line 62, in render_to_string
    return template.render(context, request)
  File "/home/denis/.local/lib/python3.10/site-packages/django/template/backends/django.py", line 107, in render
    return self.template.render(context)
  File "/home/denis/.local/lib/python3.10/site-packages/django/template/base.py", line 171, in render
    return self._render(context)
  File "/home/denis/.local/lib/python3.10/site-packages/django/template/base.py", line 163, in _render
    return self.nodelist.render(context)
  File "/home/denis/.local/lib/python3.10/site-packages/django/template/base.py", line 1016, in render
    return SafeString("".join([node.render_annotated(context) for node in self]))
  File "/home/denis/.local/lib/python3.10/site-packages/django/template/base.py", line 1016, in <listcomp>
    return SafeString("".join([node.render_annotated(context) for node in self]))
  File "/home/denis/.local/lib/python3.10/site-packages/django/template/base.py", line 977, in render_annotated
    return self.render(context)
  File "/home/denis/.local/lib/python3.10/site-packages/django/template/loader_tags.py", line 159, in render
    return compiled_parent._render(context)
  File "/home/denis/.local/lib/python3.10/site-packages/django/template/base.py", line 163, in _render
    return self.nodelist.render(context)
  File "/home/denis/.local/lib/python3.10/site-packages/django/template/base.py", line 1016, in render
    return SafeString("".join([node.render_annotated(context) for node in self]))
  File "/home/denis/.local/lib/python3.10/site-packages/django/template/base.py", line 1016, in <listcomp>
    return SafeString("".join([node.render_annotated(context) for node in self]))
  File "/home/denis/.local/lib/python3.10/site-packages/django/template/base.py", line 977, in render_annotated
    return self.render(context)
  File "/home/denis/.local/lib/python3.10/site-packages/django/template/loader_tags.py", line 65, in render
    result = block.nodelist.render(context)
  File "/home/denis/.local/lib/python3.10/site-packages/django/template/base.py", line 1016, in render
    return SafeString("".join([node.render_annotated(context) for node in self]))
  File "/home/denis/.local/lib/python3.10/site-packages/django/template/base.py", line 1016, in <listcomp>
    return SafeString("".join([node.render_annotated(context) for node in self]))
  File "/home/denis/.local/lib/python3.10/site-packages/django/template/base.py", line 977, in render_annotated
    return self.render(context)
  File "/home/denis/.local/lib/python3.10/site-packages/django/template/defaulttags.py", line 243, in render
    nodelist.append(node.render_annotated(context))
  File "/home/denis/.local/lib/python3.10/site-packages/django/template/base.py", line 977, in render_annotated
    return self.render(context)
  File "/home/denis/.local/lib/python3.10/site-packages/django/template/base.py", line 1075, in render
    output = self.filter_expression.resolve(context)
  File "/home/denis/.local/lib/python3.10/site-packages/django/template/base.py", line 722, in resolve
    obj = self.var.resolve(context)
  File "/home/denis/.local/lib/python3.10/site-packages/django/template/base.py", line 854, in resolve
    value = self._resolve_lookup(context)
  File "/home/denis/.local/lib/python3.10/site-packages/django/template/base.py", line 901, in _resolve_lookup
    current = getattr(current, bit)
  File "/home/denis/.local/lib/python3.10/site-packages/django/db/models/fields/files.py", line 69, in url
    self._require_file()
  File "/home/denis/.local/lib/python3.10/site-packages/django/db/models/fields/files.py", line 44, in _require_file
    raise ValueError(
ValueError: The 'photo' attribute has no file associated with it.
ERROR 2025-05-19 17:18:53,253 basehttp "GET /contacts/ HTTP/1.1" 500 198090
ERROR 2025-05-19 17:18:53,433 log Internal Server Error: /contacts/
Traceback (most recent call last):
  File "/home/denis/.local/lib/python3.10/site-packages/django/template/base.py", line 890, in _resolve_lookup
    raise TypeError
TypeError

During handling of the above exception, another exception occurred:

Traceback (most recent call last):
  File "/home/denis/.local/lib/python3.10/site-packages/django/core/handlers/exception.py", line 55, in inner
    response = get_response(request)
  File "/home/denis/.local/lib/python3.10/site-packages/django/core/handlers/base.py", line 197, in _get_response
    response = wrapped_callback(request, *callback_args, **callback_kwargs)
  File "/home/denis/IGI_LabWorks/IGI/LR5/CarApp/CarApp/cars/views.py", line 73, in contacts_view
    return render(request, 'contacts/contacts.html', {'masters': masters})
  File "/home/denis/.local/lib/python3.10/site-packages/django/shortcuts.py", line 25, in render
    content = loader.render_to_string(template_name, context, request, using=using)
  File "/home/denis/.local/lib/python3.10/site-packages/django/template/loader.py", line 62, in render_to_string
    return template.render(context, request)
  File "/home/denis/.local/lib/python3.10/site-packages/django/template/backends/django.py", line 107, in render
    return self.template.render(context)
  File "/home/denis/.local/lib/python3.10/site-packages/django/template/base.py", line 171, in render
    return self._render(context)
  File "/home/denis/.local/lib/python3.10/site-packages/django/template/base.py", line 163, in _render
    return self.nodelist.render(context)
  File "/home/denis/.local/lib/python3.10/site-packages/django/template/base.py", line 1016, in render
    return SafeString("".join([node.render_annotated(context) for node in self]))
  File "/home/denis/.local/lib/python3.10/site-packages/django/template/base.py", line 1016, in <listcomp>
    return SafeString("".join([node.render_annotated(context) for node in self]))
  File "/home/denis/.local/lib/python3.10/site-packages/django/template/base.py", line 977, in render_annotated
    return self.render(context)
  File "/home/denis/.local/lib/python3.10/site-packages/django/template/loader_tags.py", line 159, in render
    return compiled_parent._render(context)
  File "/home/denis/.local/lib/python3.10/site-packages/django/template/base.py", line 163, in _render
    return self.nodelist.render(context)
  File "/home/denis/.local/lib/python3.10/site-packages/django/template/base.py", line 1016, in render
    return SafeString("".join([node.render_annotated(context) for node in self]))
  File "/home/denis/.local/lib/python3.10/site-packages/django/template/base.py", line 1016, in <listcomp>
    return SafeString("".join([node.render_annotated(context) for node in self]))
  File "/home/denis/.local/lib/python3.10/site-packages/django/template/base.py", line 977, in render_annotated
    return self.render(context)
  File "/home/denis/.local/lib/python3.10/site-packages/django/template/loader_tags.py", line 65, in render
    result = block.nodelist.render(context)
  File "/home/denis/.local/lib/python3.10/site-packages/django/template/base.py", line 1016, in render
    return SafeString("".join([node.render_annotated(context) for node in self]))
  File "/home/denis/.local/lib/python3.10/site-packages/django/template/base.py", line 1016, in <listcomp>
    return SafeString("".join([node.render_annotated(context) for node in self]))
  File "/home/denis/.local/lib/python3.10/site-packages/django/template/base.py", line 977, in render_annotated
    return self.render(context)
  File "/home/denis/.local/lib/python3.10/site-packages/django/template/defaulttags.py", line 243, in render
    nodelist.append(node.render_annotated(context))
  File "/home/denis/.local/lib/python3.10/site-packages/django/template/base.py", line 977, in render_annotated
    return self.render(context)
  File "/home/denis/.local/lib/python3.10/site-packages/django/template/base.py", line 1075, in render
    output = self.filter_expression.resolve(context)
  File "/home/denis/.local/lib/python3.10/site-packages/django/template/base.py", line 722, in resolve
    obj = self.var.resolve(context)
  File "/home/denis/.local/lib/python3.10/site-packages/django/template/base.py", line 854, in resolve
    value = self._resolve_lookup(context)
  File "/home/denis/.local/lib/python3.10/site-packages/django/template/base.py", line 901, in _resolve_lookup
    current = getattr(current, bit)
  File "/home/denis/.local/lib/python3.10/site-packages/django/db/models/fields/files.py", line 69, in url
    self._require_file()
  File "/home/denis/.local/lib/python3.10/site-packages/django/db/models/fields/files.py", line 44, in _require_file
    raise ValueError(
ValueError: The 'photo' attribute has no file associated with it.
ERROR 2025-05-19 17:18:53,433 basehttp "GET /contacts/ HTTP/1.1" 500 198090
ERROR 2025-05-19 17:18:53,587 log Internal Server Error: /contacts/
Traceback (most recent call last):
  File "/home/denis/.local/lib/python3.10/site-packages/django/template/base.py", line 890, in _resolve_lookup
    raise TypeError
TypeError

During handling of the above exception, another exception occurred:

Traceback (most recent call last):
  File "/home/denis/.local/lib/python3.10/site-packages/django/core/handlers/exception.py", line 55, in inner
    response = get_response(request)
  File "/home/denis/.local/lib/python3.10/site-packages/django/core/handlers/base.py", line 197, in _get_response
    response = wrapped_callback(request, *callback_args, **callback_kwargs)
  File "/home/denis/IGI_LabWorks/IGI/LR5/CarApp/CarApp/cars/views.py", line 73, in contacts_view
    return render(request, 'contacts/contacts.html', {'masters': masters})
  File "/home/denis/.local/lib/python3.10/site-packages/django/shortcuts.py", line 25, in render
    content = loader.render_to_string(template_name, context, request, using=using)
  File "/home/denis/.local/lib/python3.10/site-packages/django/template/loader.py", line 62, in render_to_string
    return template.render(context, request)
  File "/home/denis/.local/lib/python3.10/site-packages/django/template/backends/django.py", line 107, in render
    return self.template.render(context)
  File "/home/denis/.local/lib/python3.10/site-packages/django/template/base.py", line 171, in render
    return self._render(context)
  File "/home/denis/.local/lib/python3.10/site-packages/django/template/base.py", line 163, in _render
    return self.nodelist.render(context)
  File "/home/denis/.local/lib/python3.10/site-packages/django/template/base.py", line 1016, in render
    return SafeString("".join([node.render_annotated(context) for node in self]))
  File "/home/denis/.local/lib/python3.10/site-packages/django/template/base.py", line 1016, in <listcomp>
    return SafeString("".join([node.render_annotated(context) for node in self]))
  File "/home/denis/.local/lib/python3.10/site-packages/django/template/base.py", line 977, in render_annotated
    return self.render(context)
  File "/home/denis/.local/lib/python3.10/site-packages/django/template/loader_tags.py", line 159, in render
    return compiled_parent._render(context)
  File "/home/denis/.local/lib/python3.10/site-packages/django/template/base.py", line 163, in _render
    return self.nodelist.render(context)
  File "/home/denis/.local/lib/python3.10/site-packages/django/template/base.py", line 1016, in render
    return SafeString("".join([node.render_annotated(context) for node in self]))
  File "/home/denis/.local/lib/python3.10/site-packages/django/template/base.py", line 1016, in <listcomp>
    return SafeString("".join([node.render_annotated(context) for node in self]))
  File "/home/denis/.local/lib/python3.10/site-packages/django/template/base.py", line 977, in render_annotated
    return self.render(context)
  File "/home/denis/.local/lib/python3.10/site-packages/django/template/loader_tags.py", line 65, in render
    result = block.nodelist.render(context)
  File "/home/denis/.local/lib/python3.10/site-packages/django/template/base.py", line 1016, in render
    return SafeString("".join([node.render_annotated(context) for node in self]))
  File "/home/denis/.local/lib/python3.10/site-packages/django/template/base.py", line 1016, in <listcomp>
    return SafeString("".join([node.render_annotated(context) for node in self]))
  File "/home/denis/.local/lib/python3.10/site-packages/django/template/base.py", line 977, in render_annotated
    return self.render(context)
  File "/home/denis/.local/lib/python3.10/site-packages/django/template/defaulttags.py", line 243, in render
    nodelist.append(node.render_annotated(context))
  File "/home/denis/.local/lib/python3.10/site-packages/django/template/base.py", line 977, in render_annotated
    return self.render(context)
  File "/home/denis/.local/lib/python3.10/site-packages/django/template/base.py", line 1075, in render
    output = self.filter_expression.resolve(context)
  File "/home/denis/.local/lib/python3.10/site-packages/django/template/base.py", line 722, in resolve
    obj = self.var.resolve(context)
  File "/home/denis/.local/lib/python3.10/site-packages/django/template/base.py", line 854, in resolve
    value = self._resolve_lookup(context)
  File "/home/denis/.local/lib/python3.10/site-packages/django/template/base.py", line 901, in _resolve_lookup
    current = getattr(current, bit)
  File "/home/denis/.local/lib/python3.10/site-packages/django/db/models/fields/files.py", line 69, in url
    self._require_file()
  File "/home/denis/.local/lib/python3.10/site-packages/django/db/models/fields/files.py", line 44, in _require_file
    raise ValueError(
ValueError: The 'photo' attribute has no file associated with it.
ERROR 2025-05-19 17:18:53,588 basehttp "GET /contacts/ HTTP/1.1" 500 198090
ERROR 2025-05-19 17:18:53,771 log Internal Server Error: /contacts/
Traceback (most recent call last):
  File "/home/denis/.local/lib/python3.10/site-packages/django/template/base.py", line 890, in _resolve_lookup
    raise TypeError
TypeError

During handling of the above exception, another exception occurred:

Traceback (most recent call last):
  File "/home/denis/.local/lib/python3.10/site-packages/django/core/handlers/exception.py", line 55, in inner
    response = get_response(request)
  File "/home/denis/.local/lib/python3.10/site-packages/django/core/handlers/base.py", line 197, in _get_response
    response = wrapped_callback(request, *callback_args, **callback_kwargs)
  File "/home/denis/IGI_LabWorks/IGI/LR5/CarApp/CarApp/cars/views.py", line 73, in contacts_view
    return render(request, 'contacts/contacts.html', {'masters': masters})
  File "/home/denis/.local/lib/python3.10/site-packages/django/shortcuts.py", line 25, in render
    content = loader.render_to_string(template_name, context, request, using=using)
  File "/home/denis/.local/lib/python3.10/site-packages/django/template/loader.py", line 62, in render_to_string
    return template.render(context, request)
  File "/home/denis/.local/lib/python3.10/site-packages/django/template/backends/django.py", line 107, in render
    return self.template.render(context)
  File "/home/denis/.local/lib/python3.10/site-packages/django/template/base.py", line 171, in render
    return self._render(context)
  File "/home/denis/.local/lib/python3.10/site-packages/django/template/base.py", line 163, in _render
    return self.nodelist.render(context)
  File "/home/denis/.local/lib/python3.10/site-packages/django/template/base.py", line 1016, in render
    return SafeString("".join([node.render_annotated(context) for node in self]))
  File "/home/denis/.local/lib/python3.10/site-packages/django/template/base.py", line 1016, in <listcomp>
    return SafeString("".join([node.render_annotated(context) for node in self]))
  File "/home/denis/.local/lib/python3.10/site-packages/django/template/base.py", line 977, in render_annotated
    return self.render(context)
  File "/home/denis/.local/lib/python3.10/site-packages/django/template/loader_tags.py", line 159, in render
    return compiled_parent._render(context)
  File "/home/denis/.local/lib/python3.10/site-packages/django/template/base.py", line 163, in _render
    return self.nodelist.render(context)
  File "/home/denis/.local/lib/python3.10/site-packages/django/template/base.py", line 1016, in render
    return SafeString("".join([node.render_annotated(context) for node in self]))
  File "/home/denis/.local/lib/python3.10/site-packages/django/template/base.py", line 1016, in <listcomp>
    return SafeString("".join([node.render_annotated(context) for node in self]))
  File "/home/denis/.local/lib/python3.10/site-packages/django/template/base.py", line 977, in render_annotated
    return self.render(context)
  File "/home/denis/.local/lib/python3.10/site-packages/django/template/loader_tags.py", line 65, in render
    result = block.nodelist.render(context)
  File "/home/denis/.local/lib/python3.10/site-packages/django/template/base.py", line 1016, in render
    return SafeString("".join([node.render_annotated(context) for node in self]))
  File "/home/denis/.local/lib/python3.10/site-packages/django/template/base.py", line 1016, in <listcomp>
    return SafeString("".join([node.render_annotated(context) for node in self]))
  File "/home/denis/.local/lib/python3.10/site-packages/django/template/base.py", line 977, in render_annotated
    return self.render(context)
  File "/home/denis/.local/lib/python3.10/site-packages/django/template/defaulttags.py", line 243, in render
    nodelist.append(node.render_annotated(context))
  File "/home/denis/.local/lib/python3.10/site-packages/django/template/base.py", line 977, in render_annotated
    return self.render(context)
  File "/home/denis/.local/lib/python3.10/site-packages/django/template/base.py", line 1075, in render
    output = self.filter_expression.resolve(context)
  File "/home/denis/.local/lib/python3.10/site-packages/django/template/base.py", line 722, in resolve
    obj = self.var.resolve(context)
  File "/home/denis/.local/lib/python3.10/site-packages/django/template/base.py", line 854, in resolve
    value = self._resolve_lookup(context)
  File "/home/denis/.local/lib/python3.10/site-packages/django/template/base.py", line 901, in _resolve_lookup
    current = getattr(current, bit)
  File "/home/denis/.local/lib/python3.10/site-packages/django/db/models/fields/files.py", line 69, in url
    self._require_file()
  File "/home/denis/.local/lib/python3.10/site-packages/django/db/models/fields/files.py", line 44, in _require_file
    raise ValueError(
ValueError: The 'photo' attribute has no file associated with it.
ERROR 2025-05-19 17:18:53,772 basehttp "GET /contacts/ HTTP/1.1" 500 198090
ERROR 2025-05-19 17:18:53,998 log Internal Server Error: /contacts/
Traceback (most recent call last):
  File "/home/denis/.local/lib/python3.10/site-packages/django/template/base.py", line 890, in _resolve_lookup
    raise TypeError
TypeError

During handling of the above exception, another exception occurred:

Traceback (most recent call last):
  File "/home/denis/.local/lib/python3.10/site-packages/django/core/handlers/exception.py", line 55, in inner
    response = get_response(request)
  File "/home/denis/.local/lib/python3.10/site-packages/django/core/handlers/base.py", line 197, in _get_response
    response = wrapped_callback(request, *callback_args, **callback_kwargs)
  File "/home/denis/IGI_LabWorks/IGI/LR5/CarApp/CarApp/cars/views.py", line 73, in contacts_view
    return render(request, 'contacts/contacts.html', {'masters': masters})
  File "/home/denis/.local/lib/python3.10/site-packages/django/shortcuts.py", line 25, in render
    content = loader.render_to_string(template_name, context, request, using=using)
  File "/home/denis/.local/lib/python3.10/site-packages/django/template/loader.py", line 62, in render_to_string
    return template.render(context, request)
  File "/home/denis/.local/lib/python3.10/site-packages/django/template/backends/django.py", line 107, in render
    return self.template.render(context)
  File "/home/denis/.local/lib/python3.10/site-packages/django/template/base.py", line 171, in render
    return self._render(context)
  File "/home/denis/.local/lib/python3.10/site-packages/django/template/base.py", line 163, in _render
    return self.nodelist.render(context)
  File "/home/denis/.local/lib/python3.10/site-packages/django/template/base.py", line 1016, in render
    return SafeString("".join([node.render_annotated(context) for node in self]))
  File "/home/denis/.local/lib/python3.10/site-packages/django/template/base.py", line 1016, in <listcomp>
    return SafeString("".join([node.render_annotated(context) for node in self]))
  File "/home/denis/.local/lib/python3.10/site-packages/django/template/base.py", line 977, in render_annotated
    return self.render(context)
  File "/home/denis/.local/lib/python3.10/site-packages/django/template/loader_tags.py", line 159, in render
    return compiled_parent._render(context)
  File "/home/denis/.local/lib/python3.10/site-packages/django/template/base.py", line 163, in _render
    return self.nodelist.render(context)
  File "/home/denis/.local/lib/python3.10/site-packages/django/template/base.py", line 1016, in render
    return SafeString("".join([node.render_annotated(context) for node in self]))
  File "/home/denis/.local/lib/python3.10/site-packages/django/template/base.py", line 1016, in <listcomp>
    return SafeString("".join([node.render_annotated(context) for node in self]))
  File "/home/denis/.local/lib/python3.10/site-packages/django/template/base.py", line 977, in render_annotated
    return self.render(context)
  File "/home/denis/.local/lib/python3.10/site-packages/django/template/loader_tags.py", line 65, in render
    result = block.nodelist.render(context)
  File "/home/denis/.local/lib/python3.10/site-packages/django/template/base.py", line 1016, in render
    return SafeString("".join([node.render_annotated(context) for node in self]))
  File "/home/denis/.local/lib/python3.10/site-packages/django/template/base.py", line 1016, in <listcomp>
    return SafeString("".join([node.render_annotated(context) for node in self]))
  File "/home/denis/.local/lib/python3.10/site-packages/django/template/base.py", line 977, in render_annotated
    return self.render(context)
  File "/home/denis/.local/lib/python3.10/site-packages/django/template/defaulttags.py", line 243, in render
    nodelist.append(node.render_annotated(context))
  File "/home/denis/.local/lib/python3.10/site-packages/django/template/base.py", line 977, in render_annotated
    return self.render(context)
  File "/home/denis/.local/lib/python3.10/site-packages/django/template/base.py", line 1075, in render
    output = self.filter_expression.resolve(context)
  File "/home/denis/.local/lib/python3.10/site-packages/django/template/base.py", line 722, in resolve
    obj = self.var.resolve(context)
  File "/home/denis/.local/lib/python3.10/site-packages/django/template/base.py", line 854, in resolve
    value = self._resolve_lookup(context)
  File "/home/denis/.local/lib/python3.10/site-packages/django/template/base.py", line 901, in _resolve_lookup
    current = getattr(current, bit)
  File "/home/denis/.local/lib/python3.10/site-packages/django/db/models/fields/files.py", line 69, in url
    self._require_file()
  File "/home/denis/.local/lib/python3.10/site-packages/django/db/models/fields/files.py", line 44, in _require_file
    raise ValueError(
ValueError: The 'photo' attribute has no file associated with it.
ERROR 2025-05-19 17:18:53,999 basehttp "GET /contacts/ HTTP/1.1" 500 198090
ERROR 2025-05-19 17:18:54,167 log Internal Server Error: /contacts/
Traceback (most recent call last):
  File "/home/denis/.local/lib/python3.10/site-packages/django/template/base.py", line 890, in _resolve_lookup
    raise TypeError
TypeError

During handling of the above exception, another exception occurred:

Traceback (most recent call last):
  File "/home/denis/.local/lib/python3.10/site-packages/django/core/handlers/exception.py", line 55, in inner
    response = get_response(request)
  File "/home/denis/.local/lib/python3.10/site-packages/django/core/handlers/base.py", line 197, in _get_response
    response = wrapped_callback(request, *callback_args, **callback_kwargs)
  File "/home/denis/IGI_LabWorks/IGI/LR5/CarApp/CarApp/cars/views.py", line 73, in contacts_view
    return render(request, 'contacts/contacts.html', {'masters': masters})
  File "/home/denis/.local/lib/python3.10/site-packages/django/shortcuts.py", line 25, in render
    content = loader.render_to_string(template_name, context, request, using=using)
  File "/home/denis/.local/lib/python3.10/site-packages/django/template/loader.py", line 62, in render_to_string
    return template.render(context, request)
  File "/home/denis/.local/lib/python3.10/site-packages/django/template/backends/django.py", line 107, in render
    return self.template.render(context)
  File "/home/denis/.local/lib/python3.10/site-packages/django/template/base.py", line 171, in render
    return self._render(context)
  File "/home/denis/.local/lib/python3.10/site-packages/django/template/base.py", line 163, in _render
    return self.nodelist.render(context)
  File "/home/denis/.local/lib/python3.10/site-packages/django/template/base.py", line 1016, in render
    return SafeString("".join([node.render_annotated(context) for node in self]))
  File "/home/denis/.local/lib/python3.10/site-packages/django/template/base.py", line 1016, in <listcomp>
    return SafeString("".join([node.render_annotated(context) for node in self]))
  File "/home/denis/.local/lib/python3.10/site-packages/django/template/base.py", line 977, in render_annotated
    return self.render(context)
  File "/home/denis/.local/lib/python3.10/site-packages/django/template/loader_tags.py", line 159, in render
    return compiled_parent._render(context)
  File "/home/denis/.local/lib/python3.10/site-packages/django/template/base.py", line 163, in _render
    return self.nodelist.render(context)
  File "/home/denis/.local/lib/python3.10/site-packages/django/template/base.py", line 1016, in render
    return SafeString("".join([node.render_annotated(context) for node in self]))
  File "/home/denis/.local/lib/python3.10/site-packages/django/template/base.py", line 1016, in <listcomp>
    return SafeString("".join([node.render_annotated(context) for node in self]))
  File "/home/denis/.local/lib/python3.10/site-packages/django/template/base.py", line 977, in render_annotated
    return self.render(context)
  File "/home/denis/.local/lib/python3.10/site-packages/django/template/loader_tags.py", line 65, in render
    result = block.nodelist.render(context)
  File "/home/denis/.local/lib/python3.10/site-packages/django/template/base.py", line 1016, in render
    return SafeString("".join([node.render_annotated(context) for node in self]))
  File "/home/denis/.local/lib/python3.10/site-packages/django/template/base.py", line 1016, in <listcomp>
    return SafeString("".join([node.render_annotated(context) for node in self]))
  File "/home/denis/.local/lib/python3.10/site-packages/django/template/base.py", line 977, in render_annotated
    return self.render(context)
  File "/home/denis/.local/lib/python3.10/site-packages/django/template/defaulttags.py", line 243, in render
    nodelist.append(node.render_annotated(context))
  File "/home/denis/.local/lib/python3.10/site-packages/django/template/base.py", line 977, in render_annotated
    return self.render(context)
  File "/home/denis/.local/lib/python3.10/site-packages/django/template/base.py", line 1075, in render
    output = self.filter_expression.resolve(context)
  File "/home/denis/.local/lib/python3.10/site-packages/django/template/base.py", line 722, in resolve
    obj = self.var.resolve(context)
  File "/home/denis/.local/lib/python3.10/site-packages/django/template/base.py", line 854, in resolve
    value = self._resolve_lookup(context)
  File "/home/denis/.local/lib/python3.10/site-packages/django/template/base.py", line 901, in _resolve_lookup
    current = getattr(current, bit)
  File "/home/denis/.local/lib/python3.10/site-packages/django/db/models/fields/files.py", line 69, in url
    self._require_file()
  File "/home/denis/.local/lib/python3.10/site-packages/django/db/models/fields/files.py", line 44, in _require_file
    raise ValueError(
ValueError: The 'photo' attribute has no file associated with it.
ERROR 2025-05-19 17:18:54,168 basehttp "GET /contacts/ HTTP/1.1" 500 198090
ERROR 2025-05-19 17:18:54,357 log Internal Server Error: /contacts/
Traceback (most recent call last):
  File "/home/denis/.local/lib/python3.10/site-packages/django/template/base.py", line 890, in _resolve_lookup
    raise TypeError
TypeError

During handling of the above exception, another exception occurred:

Traceback (most recent call last):
  File "/home/denis/.local/lib/python3.10/site-packages/django/core/handlers/exception.py", line 55, in inner
    response = get_response(request)
  File "/home/denis/.local/lib/python3.10/site-packages/django/core/handlers/base.py", line 197, in _get_response
    response = wrapped_callback(request, *callback_args, **callback_kwargs)
  File "/home/denis/IGI_LabWorks/IGI/LR5/CarApp/CarApp/cars/views.py", line 73, in contacts_view
    return render(request, 'contacts/contacts.html', {'masters': masters})
  File "/home/denis/.local/lib/python3.10/site-packages/django/shortcuts.py", line 25, in render
    content = loader.render_to_string(template_name, context, request, using=using)
  File "/home/denis/.local/lib/python3.10/site-packages/django/template/loader.py", line 62, in render_to_string
    return template.render(context, request)
  File "/home/denis/.local/lib/python3.10/site-packages/django/template/backends/django.py", line 107, in render
    return self.template.render(context)
  File "/home/denis/.local/lib/python3.10/site-packages/django/template/base.py", line 171, in render
    return self._render(context)
  File "/home/denis/.local/lib/python3.10/site-packages/django/template/base.py", line 163, in _render
    return self.nodelist.render(context)
  File "/home/denis/.local/lib/python3.10/site-packages/django/template/base.py", line 1016, in render
    return SafeString("".join([node.render_annotated(context) for node in self]))
  File "/home/denis/.local/lib/python3.10/site-packages/django/template/base.py", line 1016, in <listcomp>
    return SafeString("".join([node.render_annotated(context) for node in self]))
  File "/home/denis/.local/lib/python3.10/site-packages/django/template/base.py", line 977, in render_annotated
    return self.render(context)
  File "/home/denis/.local/lib/python3.10/site-packages/django/template/loader_tags.py", line 159, in render
    return compiled_parent._render(context)
  File "/home/denis/.local/lib/python3.10/site-packages/django/template/base.py", line 163, in _render
    return self.nodelist.render(context)
  File "/home/denis/.local/lib/python3.10/site-packages/django/template/base.py", line 1016, in render
    return SafeString("".join([node.render_annotated(context) for node in self]))
  File "/home/denis/.local/lib/python3.10/site-packages/django/template/base.py", line 1016, in <listcomp>
    return SafeString("".join([node.render_annotated(context) for node in self]))
  File "/home/denis/.local/lib/python3.10/site-packages/django/template/base.py", line 977, in render_annotated
    return self.render(context)
  File "/home/denis/.local/lib/python3.10/site-packages/django/template/loader_tags.py", line 65, in render
    result = block.nodelist.render(context)
  File "/home/denis/.local/lib/python3.10/site-packages/django/template/base.py", line 1016, in render
    return SafeString("".join([node.render_annotated(context) for node in self]))
  File "/home/denis/.local/lib/python3.10/site-packages/django/template/base.py", line 1016, in <listcomp>
    return SafeString("".join([node.render_annotated(context) for node in self]))
  File "/home/denis/.local/lib/python3.10/site-packages/django/template/base.py", line 977, in render_annotated
    return self.render(context)
  File "/home/denis/.local/lib/python3.10/site-packages/django/template/defaulttags.py", line 243, in render
    nodelist.append(node.render_annotated(context))
  File "/home/denis/.local/lib/python3.10/site-packages/django/template/base.py", line 977, in render_annotated
    return self.render(context)
  File "/home/denis/.local/lib/python3.10/site-packages/django/template/base.py", line 1075, in render
    output = self.filter_expression.resolve(context)
  File "/home/denis/.local/lib/python3.10/site-packages/django/template/base.py", line 722, in resolve
    obj = self.var.resolve(context)
  File "/home/denis/.local/lib/python3.10/site-packages/django/template/base.py", line 854, in resolve
    value = self._resolve_lookup(context)
  File "/home/denis/.local/lib/python3.10/site-packages/django/template/base.py", line 901, in _resolve_lookup
    current = getattr(current, bit)
  File "/home/denis/.local/lib/python3.10/site-packages/django/db/models/fields/files.py", line 69, in url
    self._require_file()
  File "/home/denis/.local/lib/python3.10/site-packages/django/db/models/fields/files.py", line 44, in _require_file
    raise ValueError(
ValueError: The 'photo' attribute has no file associated with it.
ERROR 2025-05-19 17:18:54,358 basehttp "GET /contacts/ HTTP/1.1" 500 198090
ERROR 2025-05-19 17:18:54,593 log Internal Server Error: /contacts/
Traceback (most recent call last):
  File "/home/denis/.local/lib/python3.10/site-packages/django/template/base.py", line 890, in _resolve_lookup
    raise TypeError
TypeError

During handling of the above exception, another exception occurred:

Traceback (most recent call last):
  File "/home/denis/.local/lib/python3.10/site-packages/django/core/handlers/exception.py", line 55, in inner
    response = get_response(request)
  File "/home/denis/.local/lib/python3.10/site-packages/django/core/handlers/base.py", line 197, in _get_response
    response = wrapped_callback(request, *callback_args, **callback_kwargs)
  File "/home/denis/IGI_LabWorks/IGI/LR5/CarApp/CarApp/cars/views.py", line 73, in contacts_view
    return render(request, 'contacts/contacts.html', {'masters': masters})
  File "/home/denis/.local/lib/python3.10/site-packages/django/shortcuts.py", line 25, in render
    content = loader.render_to_string(template_name, context, request, using=using)
  File "/home/denis/.local/lib/python3.10/site-packages/django/template/loader.py", line 62, in render_to_string
    return template.render(context, request)
  File "/home/denis/.local/lib/python3.10/site-packages/django/template/backends/django.py", line 107, in render
    return self.template.render(context)
  File "/home/denis/.local/lib/python3.10/site-packages/django/template/base.py", line 171, in render
    return self._render(context)
  File "/home/denis/.local/lib/python3.10/site-packages/django/template/base.py", line 163, in _render
    return self.nodelist.render(context)
  File "/home/denis/.local/lib/python3.10/site-packages/django/template/base.py", line 1016, in render
    return SafeString("".join([node.render_annotated(context) for node in self]))
  File "/home/denis/.local/lib/python3.10/site-packages/django/template/base.py", line 1016, in <listcomp>
    return SafeString("".join([node.render_annotated(context) for node in self]))
  File "/home/denis/.local/lib/python3.10/site-packages/django/template/base.py", line 977, in render_annotated
    return self.render(context)
  File "/home/denis/.local/lib/python3.10/site-packages/django/template/loader_tags.py", line 159, in render
    return compiled_parent._render(context)
  File "/home/denis/.local/lib/python3.10/site-packages/django/template/base.py", line 163, in _render
    return self.nodelist.render(context)
  File "/home/denis/.local/lib/python3.10/site-packages/django/template/base.py", line 1016, in render
    return SafeString("".join([node.render_annotated(context) for node in self]))
  File "/home/denis/.local/lib/python3.10/site-packages/django/template/base.py", line 1016, in <listcomp>
    return SafeString("".join([node.render_annotated(context) for node in self]))
  File "/home/denis/.local/lib/python3.10/site-packages/django/template/base.py", line 977, in render_annotated
    return self.render(context)
  File "/home/denis/.local/lib/python3.10/site-packages/django/template/loader_tags.py", line 65, in render
    result = block.nodelist.render(context)
  File "/home/denis/.local/lib/python3.10/site-packages/django/template/base.py", line 1016, in render
    return SafeString("".join([node.render_annotated(context) for node in self]))
  File "/home/denis/.local/lib/python3.10/site-packages/django/template/base.py", line 1016, in <listcomp>
    return SafeString("".join([node.render_annotated(context) for node in self]))
  File "/home/denis/.local/lib/python3.10/site-packages/django/template/base.py", line 977, in render_annotated
    return self.render(context)
  File "/home/denis/.local/lib/python3.10/site-packages/django/template/defaulttags.py", line 243, in render
    nodelist.append(node.render_annotated(context))
  File "/home/denis/.local/lib/python3.10/site-packages/django/template/base.py", line 977, in render_annotated
    return self.render(context)
  File "/home/denis/.local/lib/python3.10/site-packages/django/template/base.py", line 1075, in render
    output = self.filter_expression.resolve(context)
  File "/home/denis/.local/lib/python3.10/site-packages/django/template/base.py", line 722, in resolve
    obj = self.var.resolve(context)
  File "/home/denis/.local/lib/python3.10/site-packages/django/template/base.py", line 854, in resolve
    value = self._resolve_lookup(context)
  File "/home/denis/.local/lib/python3.10/site-packages/django/template/base.py", line 901, in _resolve_lookup
    current = getattr(current, bit)
  File "/home/denis/.local/lib/python3.10/site-packages/django/db/models/fields/files.py", line 69, in url
    self._require_file()
  File "/home/denis/.local/lib/python3.10/site-packages/django/db/models/fields/files.py", line 44, in _require_file
    raise ValueError(
ValueError: The 'photo' attribute has no file associated with it.
ERROR 2025-05-19 17:18:54,594 basehttp "GET /contacts/ HTTP/1.1" 500 198090
ERROR 2025-05-19 17:18:54,758 log Internal Server Error: /contacts/
Traceback (most recent call last):
  File "/home/denis/.local/lib/python3.10/site-packages/django/template/base.py", line 890, in _resolve_lookup
    raise TypeError
TypeError

During handling of the above exception, another exception occurred:

Traceback (most recent call last):
  File "/home/denis/.local/lib/python3.10/site-packages/django/core/handlers/exception.py", line 55, in inner
    response = get_response(request)
  File "/home/denis/.local/lib/python3.10/site-packages/django/core/handlers/base.py", line 197, in _get_response
    response = wrapped_callback(request, *callback_args, **callback_kwargs)
  File "/home/denis/IGI_LabWorks/IGI/LR5/CarApp/CarApp/cars/views.py", line 73, in contacts_view
    return render(request, 'contacts/contacts.html', {'masters': masters})
  File "/home/denis/.local/lib/python3.10/site-packages/django/shortcuts.py", line 25, in render
    content = loader.render_to_string(template_name, context, request, using=using)
  File "/home/denis/.local/lib/python3.10/site-packages/django/template/loader.py", line 62, in render_to_string
    return template.render(context, request)
  File "/home/denis/.local/lib/python3.10/site-packages/django/template/backends/django.py", line 107, in render
    return self.template.render(context)
  File "/home/denis/.local/lib/python3.10/site-packages/django/template/base.py", line 171, in render
    return self._render(context)
  File "/home/denis/.local/lib/python3.10/site-packages/django/template/base.py", line 163, in _render
    return self.nodelist.render(context)
  File "/home/denis/.local/lib/python3.10/site-packages/django/template/base.py", line 1016, in render
    return SafeString("".join([node.render_annotated(context) for node in self]))
  File "/home/denis/.local/lib/python3.10/site-packages/django/template/base.py", line 1016, in <listcomp>
    return SafeString("".join([node.render_annotated(context) for node in self]))
  File "/home/denis/.local/lib/python3.10/site-packages/django/template/base.py", line 977, in render_annotated
    return self.render(context)
  File "/home/denis/.local/lib/python3.10/site-packages/django/template/loader_tags.py", line 159, in render
    return compiled_parent._render(context)
  File "/home/denis/.local/lib/python3.10/site-packages/django/template/base.py", line 163, in _render
    return self.nodelist.render(context)
  File "/home/denis/.local/lib/python3.10/site-packages/django/template/base.py", line 1016, in render
    return SafeString("".join([node.render_annotated(context) for node in self]))
  File "/home/denis/.local/lib/python3.10/site-packages/django/template/base.py", line 1016, in <listcomp>
    return SafeString("".join([node.render_annotated(context) for node in self]))
  File "/home/denis/.local/lib/python3.10/site-packages/django/template/base.py", line 977, in render_annotated
    return self.render(context)
  File "/home/denis/.local/lib/python3.10/site-packages/django/template/loader_tags.py", line 65, in render
    result = block.nodelist.render(context)
  File "/home/denis/.local/lib/python3.10/site-packages/django/template/base.py", line 1016, in render
    return SafeString("".join([node.render_annotated(context) for node in self]))
  File "/home/denis/.local/lib/python3.10/site-packages/django/template/base.py", line 1016, in <listcomp>
    return SafeString("".join([node.render_annotated(context) for node in self]))
  File "/home/denis/.local/lib/python3.10/site-packages/django/template/base.py", line 977, in render_annotated
    return self.render(context)
  File "/home/denis/.local/lib/python3.10/site-packages/django/template/defaulttags.py", line 243, in render
    nodelist.append(node.render_annotated(context))
  File "/home/denis/.local/lib/python3.10/site-packages/django/template/base.py", line 977, in render_annotated
    return self.render(context)
  File "/home/denis/.local/lib/python3.10/site-packages/django/template/base.py", line 1075, in render
    output = self.filter_expression.resolve(context)
  File "/home/denis/.local/lib/python3.10/site-packages/django/template/base.py", line 722, in resolve
    obj = self.var.resolve(context)
  File "/home/denis/.local/lib/python3.10/site-packages/django/template/base.py", line 854, in resolve
    value = self._resolve_lookup(context)
  File "/home/denis/.local/lib/python3.10/site-packages/django/template/base.py", line 901, in _resolve_lookup
    current = getattr(current, bit)
  File "/home/denis/.local/lib/python3.10/site-packages/django/db/models/fields/files.py", line 69, in url
    self._require_file()
  File "/home/denis/.local/lib/python3.10/site-packages/django/db/models/fields/files.py", line 44, in _require_file
    raise ValueError(
ValueError: The 'photo' attribute has no file associated with it.
ERROR 2025-05-19 17:18:54,759 basehttp "GET /contacts/ HTTP/1.1" 500 198090
ERROR 2025-05-19 17:18:54,939 log Internal Server Error: /contacts/
Traceback (most recent call last):
  File "/home/denis/.local/lib/python3.10/site-packages/django/template/base.py", line 890, in _resolve_lookup
    raise TypeError
TypeError

During handling of the above exception, another exception occurred:

Traceback (most recent call last):
  File "/home/denis/.local/lib/python3.10/site-packages/django/core/handlers/exception.py", line 55, in inner
    response = get_response(request)
  File "/home/denis/.local/lib/python3.10/site-packages/django/core/handlers/base.py", line 197, in _get_response
    response = wrapped_callback(request, *callback_args, **callback_kwargs)
  File "/home/denis/IGI_LabWorks/IGI/LR5/CarApp/CarApp/cars/views.py", line 73, in contacts_view
    return render(request, 'contacts/contacts.html', {'masters': masters})
  File "/home/denis/.local/lib/python3.10/site-packages/django/shortcuts.py", line 25, in render
    content = loader.render_to_string(template_name, context, request, using=using)
  File "/home/denis/.local/lib/python3.10/site-packages/django/template/loader.py", line 62, in render_to_string
    return template.render(context, request)
  File "/home/denis/.local/lib/python3.10/site-packages/django/template/backends/django.py", line 107, in render
    return self.template.render(context)
  File "/home/denis/.local/lib/python3.10/site-packages/django/template/base.py", line 171, in render
    return self._render(context)
  File "/home/denis/.local/lib/python3.10/site-packages/django/template/base.py", line 163, in _render
    return self.nodelist.render(context)
  File "/home/denis/.local/lib/python3.10/site-packages/django/template/base.py", line 1016, in render
    return SafeString("".join([node.render_annotated(context) for node in self]))
  File "/home/denis/.local/lib/python3.10/site-packages/django/template/base.py", line 1016, in <listcomp>
    return SafeString("".join([node.render_annotated(context) for node in self]))
  File "/home/denis/.local/lib/python3.10/site-packages/django/template/base.py", line 977, in render_annotated
    return self.render(context)
  File "/home/denis/.local/lib/python3.10/site-packages/django/template/loader_tags.py", line 159, in render
    return compiled_parent._render(context)
  File "/home/denis/.local/lib/python3.10/site-packages/django/template/base.py", line 163, in _render
    return self.nodelist.render(context)
  File "/home/denis/.local/lib/python3.10/site-packages/django/template/base.py", line 1016, in render
    return SafeString("".join([node.render_annotated(context) for node in self]))
  File "/home/denis/.local/lib/python3.10/site-packages/django/template/base.py", line 1016, in <listcomp>
    return SafeString("".join([node.render_annotated(context) for node in self]))
  File "/home/denis/.local/lib/python3.10/site-packages/django/template/base.py", line 977, in render_annotated
    return self.render(context)
  File "/home/denis/.local/lib/python3.10/site-packages/django/template/loader_tags.py", line 65, in render
    result = block.nodelist.render(context)
  File "/home/denis/.local/lib/python3.10/site-packages/django/template/base.py", line 1016, in render
    return SafeString("".join([node.render_annotated(context) for node in self]))
  File "/home/denis/.local/lib/python3.10/site-packages/django/template/base.py", line 1016, in <listcomp>
    return SafeString("".join([node.render_annotated(context) for node in self]))
  File "/home/denis/.local/lib/python3.10/site-packages/django/template/base.py", line 977, in render_annotated
    return self.render(context)
  File "/home/denis/.local/lib/python3.10/site-packages/django/template/defaulttags.py", line 243, in render
    nodelist.append(node.render_annotated(context))
  File "/home/denis/.local/lib/python3.10/site-packages/django/template/base.py", line 977, in render_annotated
    return self.render(context)
  File "/home/denis/.local/lib/python3.10/site-packages/django/template/base.py", line 1075, in render
    output = self.filter_expression.resolve(context)
  File "/home/denis/.local/lib/python3.10/site-packages/django/template/base.py", line 722, in resolve
    obj = self.var.resolve(context)
  File "/home/denis/.local/lib/python3.10/site-packages/django/template/base.py", line 854, in resolve
    value = self._resolve_lookup(context)
  File "/home/denis/.local/lib/python3.10/site-packages/django/template/base.py", line 901, in _resolve_lookup
    current = getattr(current, bit)
  File "/home/denis/.local/lib/python3.10/site-packages/django/db/models/fields/files.py", line 69, in url
    self._require_file()
  File "/home/denis/.local/lib/python3.10/site-packages/django/db/models/fields/files.py", line 44, in _require_file
    raise ValueError(
ValueError: The 'photo' attribute has no file associated with it.
ERROR 2025-05-19 17:18:54,940 basehttp "GET /contacts/ HTTP/1.1" 500 198090
ERROR 2025-05-19 17:18:55,121 log Internal Server Error: /contacts/
Traceback (most recent call last):
  File "/home/denis/.local/lib/python3.10/site-packages/django/template/base.py", line 890, in _resolve_lookup
    raise TypeError
TypeError

During handling of the above exception, another exception occurred:

Traceback (most recent call last):
  File "/home/denis/.local/lib/python3.10/site-packages/django/core/handlers/exception.py", line 55, in inner
    response = get_response(request)
  File "/home/denis/.local/lib/python3.10/site-packages/django/core/handlers/base.py", line 197, in _get_response
    response = wrapped_callback(request, *callback_args, **callback_kwargs)
  File "/home/denis/IGI_LabWorks/IGI/LR5/CarApp/CarApp/cars/views.py", line 73, in contacts_view
    return render(request, 'contacts/contacts.html', {'masters': masters})
  File "/home/denis/.local/lib/python3.10/site-packages/django/shortcuts.py", line 25, in render
    content = loader.render_to_string(template_name, context, request, using=using)
  File "/home/denis/.local/lib/python3.10/site-packages/django/template/loader.py", line 62, in render_to_string
    return template.render(context, request)
  File "/home/denis/.local/lib/python3.10/site-packages/django/template/backends/django.py", line 107, in render
    return self.template.render(context)
  File "/home/denis/.local/lib/python3.10/site-packages/django/template/base.py", line 171, in render
    return self._render(context)
  File "/home/denis/.local/lib/python3.10/site-packages/django/template/base.py", line 163, in _render
    return self.nodelist.render(context)
  File "/home/denis/.local/lib/python3.10/site-packages/django/template/base.py", line 1016, in render
    return SafeString("".join([node.render_annotated(context) for node in self]))
  File "/home/denis/.local/lib/python3.10/site-packages/django/template/base.py", line 1016, in <listcomp>
    return SafeString("".join([node.render_annotated(context) for node in self]))
  File "/home/denis/.local/lib/python3.10/site-packages/django/template/base.py", line 977, in render_annotated
    return self.render(context)
  File "/home/denis/.local/lib/python3.10/site-packages/django/template/loader_tags.py", line 159, in render
    return compiled_parent._render(context)
  File "/home/denis/.local/lib/python3.10/site-packages/django/template/base.py", line 163, in _render
    return self.nodelist.render(context)
  File "/home/denis/.local/lib/python3.10/site-packages/django/template/base.py", line 1016, in render
    return SafeString("".join([node.render_annotated(context) for node in self]))
  File "/home/denis/.local/lib/python3.10/site-packages/django/template/base.py", line 1016, in <listcomp>
    return SafeString("".join([node.render_annotated(context) for node in self]))
  File "/home/denis/.local/lib/python3.10/site-packages/django/template/base.py", line 977, in render_annotated
    return self.render(context)
  File "/home/denis/.local/lib/python3.10/site-packages/django/template/loader_tags.py", line 65, in render
    result = block.nodelist.render(context)
  File "/home/denis/.local/lib/python3.10/site-packages/django/template/base.py", line 1016, in render
    return SafeString("".join([node.render_annotated(context) for node in self]))
  File "/home/denis/.local/lib/python3.10/site-packages/django/template/base.py", line 1016, in <listcomp>
    return SafeString("".join([node.render_annotated(context) for node in self]))
  File "/home/denis/.local/lib/python3.10/site-packages/django/template/base.py", line 977, in render_annotated
    return self.render(context)
  File "/home/denis/.local/lib/python3.10/site-packages/django/template/defaulttags.py", line 243, in render
    nodelist.append(node.render_annotated(context))
  File "/home/denis/.local/lib/python3.10/site-packages/django/template/base.py", line 977, in render_annotated
    return self.render(context)
  File "/home/denis/.local/lib/python3.10/site-packages/django/template/base.py", line 1075, in render
    output = self.filter_expression.resolve(context)
  File "/home/denis/.local/lib/python3.10/site-packages/django/template/base.py", line 722, in resolve
    obj = self.var.resolve(context)
  File "/home/denis/.local/lib/python3.10/site-packages/django/template/base.py", line 854, in resolve
    value = self._resolve_lookup(context)
  File "/home/denis/.local/lib/python3.10/site-packages/django/template/base.py", line 901, in _resolve_lookup
    current = getattr(current, bit)
  File "/home/denis/.local/lib/python3.10/site-packages/django/db/models/fields/files.py", line 69, in url
    self._require_file()
  File "/home/denis/.local/lib/python3.10/site-packages/django/db/models/fields/files.py", line 44, in _require_file
    raise ValueError(
ValueError: The 'photo' attribute has no file associated with it.
ERROR 2025-05-19 17:18:55,122 basehttp "GET /contacts/ HTTP/1.1" 500 198090
ERROR 2025-05-19 17:18:55,307 log Internal Server Error: /contacts/
Traceback (most recent call last):
  File "/home/denis/.local/lib/python3.10/site-packages/django/template/base.py", line 890, in _resolve_lookup
    raise TypeError
TypeError

During handling of the above exception, another exception occurred:

Traceback (most recent call last):
  File "/home/denis/.local/lib/python3.10/site-packages/django/core/handlers/exception.py", line 55, in inner
    response = get_response(request)
  File "/home/denis/.local/lib/python3.10/site-packages/django/core/handlers/base.py", line 197, in _get_response
    response = wrapped_callback(request, *callback_args, **callback_kwargs)
  File "/home/denis/IGI_LabWorks/IGI/LR5/CarApp/CarApp/cars/views.py", line 73, in contacts_view
    return render(request, 'contacts/contacts.html', {'masters': masters})
  File "/home/denis/.local/lib/python3.10/site-packages/django/shortcuts.py", line 25, in render
    content = loader.render_to_string(template_name, context, request, using=using)
  File "/home/denis/.local/lib/python3.10/site-packages/django/template/loader.py", line 62, in render_to_string
    return template.render(context, request)
  File "/home/denis/.local/lib/python3.10/site-packages/django/template/backends/django.py", line 107, in render
    return self.template.render(context)
  File "/home/denis/.local/lib/python3.10/site-packages/django/template/base.py", line 171, in render
    return self._render(context)
  File "/home/denis/.local/lib/python3.10/site-packages/django/template/base.py", line 163, in _render
    return self.nodelist.render(context)
  File "/home/denis/.local/lib/python3.10/site-packages/django/template/base.py", line 1016, in render
    return SafeString("".join([node.render_annotated(context) for node in self]))
  File "/home/denis/.local/lib/python3.10/site-packages/django/template/base.py", line 1016, in <listcomp>
    return SafeString("".join([node.render_annotated(context) for node in self]))
  File "/home/denis/.local/lib/python3.10/site-packages/django/template/base.py", line 977, in render_annotated
    return self.render(context)
  File "/home/denis/.local/lib/python3.10/site-packages/django/template/loader_tags.py", line 159, in render
    return compiled_parent._render(context)
  File "/home/denis/.local/lib/python3.10/site-packages/django/template/base.py", line 163, in _render
    return self.nodelist.render(context)
  File "/home/denis/.local/lib/python3.10/site-packages/django/template/base.py", line 1016, in render
    return SafeString("".join([node.render_annotated(context) for node in self]))
  File "/home/denis/.local/lib/python3.10/site-packages/django/template/base.py", line 1016, in <listcomp>
    return SafeString("".join([node.render_annotated(context) for node in self]))
  File "/home/denis/.local/lib/python3.10/site-packages/django/template/base.py", line 977, in render_annotated
    return self.render(context)
  File "/home/denis/.local/lib/python3.10/site-packages/django/template/loader_tags.py", line 65, in render
    result = block.nodelist.render(context)
  File "/home/denis/.local/lib/python3.10/site-packages/django/template/base.py", line 1016, in render
    return SafeString("".join([node.render_annotated(context) for node in self]))
  File "/home/denis/.local/lib/python3.10/site-packages/django/template/base.py", line 1016, in <listcomp>
    return SafeString("".join([node.render_annotated(context) for node in self]))
  File "/home/denis/.local/lib/python3.10/site-packages/django/template/base.py", line 977, in render_annotated
    return self.render(context)
  File "/home/denis/.local/lib/python3.10/site-packages/django/template/defaulttags.py", line 243, in render
    nodelist.append(node.render_annotated(context))
  File "/home/denis/.local/lib/python3.10/site-packages/django/template/base.py", line 977, in render_annotated
    return self.render(context)
  File "/home/denis/.local/lib/python3.10/site-packages/django/template/base.py", line 1075, in render
    output = self.filter_expression.resolve(context)
  File "/home/denis/.local/lib/python3.10/site-packages/django/template/base.py", line 722, in resolve
    obj = self.var.resolve(context)
  File "/home/denis/.local/lib/python3.10/site-packages/django/template/base.py", line 854, in resolve
    value = self._resolve_lookup(context)
  File "/home/denis/.local/lib/python3.10/site-packages/django/template/base.py", line 901, in _resolve_lookup
    current = getattr(current, bit)
  File "/home/denis/.local/lib/python3.10/site-packages/django/db/models/fields/files.py", line 69, in url
    self._require_file()
  File "/home/denis/.local/lib/python3.10/site-packages/django/db/models/fields/files.py", line 44, in _require_file
    raise ValueError(
ValueError: The 'photo' attribute has no file associated with it.
ERROR 2025-05-19 17:18:55,308 basehttp "GET /contacts/ HTTP/1.1" 500 198090
ERROR 2025-05-19 17:18:55,492 log Internal Server Error: /contacts/
Traceback (most recent call last):
  File "/home/denis/.local/lib/python3.10/site-packages/django/template/base.py", line 890, in _resolve_lookup
    raise TypeError
TypeError

During handling of the above exception, another exception occurred:

Traceback (most recent call last):
  File "/home/denis/.local/lib/python3.10/site-packages/django/core/handlers/exception.py", line 55, in inner
    response = get_response(request)
  File "/home/denis/.local/lib/python3.10/site-packages/django/core/handlers/base.py", line 197, in _get_response
    response = wrapped_callback(request, *callback_args, **callback_kwargs)
  File "/home/denis/IGI_LabWorks/IGI/LR5/CarApp/CarApp/cars/views.py", line 73, in contacts_view
    return render(request, 'contacts/contacts.html', {'masters': masters})
  File "/home/denis/.local/lib/python3.10/site-packages/django/shortcuts.py", line 25, in render
    content = loader.render_to_string(template_name, context, request, using=using)
  File "/home/denis/.local/lib/python3.10/site-packages/django/template/loader.py", line 62, in render_to_string
    return template.render(context, request)
  File "/home/denis/.local/lib/python3.10/site-packages/django/template/backends/django.py", line 107, in render
    return self.template.render(context)
  File "/home/denis/.local/lib/python3.10/site-packages/django/template/base.py", line 171, in render
    return self._render(context)
  File "/home/denis/.local/lib/python3.10/site-packages/django/template/base.py", line 163, in _render
    return self.nodelist.render(context)
  File "/home/denis/.local/lib/python3.10/site-packages/django/template/base.py", line 1016, in render
    return SafeString("".join([node.render_annotated(context) for node in self]))
  File "/home/denis/.local/lib/python3.10/site-packages/django/template/base.py", line 1016, in <listcomp>
    return SafeString("".join([node.render_annotated(context) for node in self]))
  File "/home/denis/.local/lib/python3.10/site-packages/django/template/base.py", line 977, in render_annotated
    return self.render(context)
  File "/home/denis/.local/lib/python3.10/site-packages/django/template/loader_tags.py", line 159, in render
    return compiled_parent._render(context)
  File "/home/denis/.local/lib/python3.10/site-packages/django/template/base.py", line 163, in _render
    return self.nodelist.render(context)
  File "/home/denis/.local/lib/python3.10/site-packages/django/template/base.py", line 1016, in render
    return SafeString("".join([node.render_annotated(context) for node in self]))
  File "/home/denis/.local/lib/python3.10/site-packages/django/template/base.py", line 1016, in <listcomp>
    return SafeString("".join([node.render_annotated(context) for node in self]))
  File "/home/denis/.local/lib/python3.10/site-packages/django/template/base.py", line 977, in render_annotated
    return self.render(context)
  File "/home/denis/.local/lib/python3.10/site-packages/django/template/loader_tags.py", line 65, in render
    result = block.nodelist.render(context)
  File "/home/denis/.local/lib/python3.10/site-packages/django/template/base.py", line 1016, in render
    return SafeString("".join([node.render_annotated(context) for node in self]))
  File "/home/denis/.local/lib/python3.10/site-packages/django/template/base.py", line 1016, in <listcomp>
    return SafeString("".join([node.render_annotated(context) for node in self]))
  File "/home/denis/.local/lib/python3.10/site-packages/django/template/base.py", line 977, in render_annotated
    return self.render(context)
  File "/home/denis/.local/lib/python3.10/site-packages/django/template/defaulttags.py", line 243, in render
    nodelist.append(node.render_annotated(context))
  File "/home/denis/.local/lib/python3.10/site-packages/django/template/base.py", line 977, in render_annotated
    return self.render(context)
  File "/home/denis/.local/lib/python3.10/site-packages/django/template/base.py", line 1075, in render
    output = self.filter_expression.resolve(context)
  File "/home/denis/.local/lib/python3.10/site-packages/django/template/base.py", line 722, in resolve
    obj = self.var.resolve(context)
  File "/home/denis/.local/lib/python3.10/site-packages/django/template/base.py", line 854, in resolve
    value = self._resolve_lookup(context)
  File "/home/denis/.local/lib/python3.10/site-packages/django/template/base.py", line 901, in _resolve_lookup
    current = getattr(current, bit)
  File "/home/denis/.local/lib/python3.10/site-packages/django/db/models/fields/files.py", line 69, in url
    self._require_file()
  File "/home/denis/.local/lib/python3.10/site-packages/django/db/models/fields/files.py", line 44, in _require_file
    raise ValueError(
ValueError: The 'photo' attribute has no file associated with it.
ERROR 2025-05-19 17:18:55,492 basehttp "GET /contacts/ HTTP/1.1" 500 198090
ERROR 2025-05-19 17:18:55,677 log Internal Server Error: /contacts/
Traceback (most recent call last):
  File "/home/denis/.local/lib/python3.10/site-packages/django/template/base.py", line 890, in _resolve_lookup
    raise TypeError
TypeError

During handling of the above exception, another exception occurred:

Traceback (most recent call last):
  File "/home/denis/.local/lib/python3.10/site-packages/django/core/handlers/exception.py", line 55, in inner
    response = get_response(request)
  File "/home/denis/.local/lib/python3.10/site-packages/django/core/handlers/base.py", line 197, in _get_response
    response = wrapped_callback(request, *callback_args, **callback_kwargs)
  File "/home/denis/IGI_LabWorks/IGI/LR5/CarApp/CarApp/cars/views.py", line 73, in contacts_view
    return render(request, 'contacts/contacts.html', {'masters': masters})
  File "/home/denis/.local/lib/python3.10/site-packages/django/shortcuts.py", line 25, in render
    content = loader.render_to_string(template_name, context, request, using=using)
  File "/home/denis/.local/lib/python3.10/site-packages/django/template/loader.py", line 62, in render_to_string
    return template.render(context, request)
  File "/home/denis/.local/lib/python3.10/site-packages/django/template/backends/django.py", line 107, in render
    return self.template.render(context)
  File "/home/denis/.local/lib/python3.10/site-packages/django/template/base.py", line 171, in render
    return self._render(context)
  File "/home/denis/.local/lib/python3.10/site-packages/django/template/base.py", line 163, in _render
    return self.nodelist.render(context)
  File "/home/denis/.local/lib/python3.10/site-packages/django/template/base.py", line 1016, in render
    return SafeString("".join([node.render_annotated(context) for node in self]))
  File "/home/denis/.local/lib/python3.10/site-packages/django/template/base.py", line 1016, in <listcomp>
    return SafeString("".join([node.render_annotated(context) for node in self]))
  File "/home/denis/.local/lib/python3.10/site-packages/django/template/base.py", line 977, in render_annotated
    return self.render(context)
  File "/home/denis/.local/lib/python3.10/site-packages/django/template/loader_tags.py", line 159, in render
    return compiled_parent._render(context)
  File "/home/denis/.local/lib/python3.10/site-packages/django/template/base.py", line 163, in _render
    return self.nodelist.render(context)
  File "/home/denis/.local/lib/python3.10/site-packages/django/template/base.py", line 1016, in render
    return SafeString("".join([node.render_annotated(context) for node in self]))
  File "/home/denis/.local/lib/python3.10/site-packages/django/template/base.py", line 1016, in <listcomp>
    return SafeString("".join([node.render_annotated(context) for node in self]))
  File "/home/denis/.local/lib/python3.10/site-packages/django/template/base.py", line 977, in render_annotated
    return self.render(context)
  File "/home/denis/.local/lib/python3.10/site-packages/django/template/loader_tags.py", line 65, in render
    result = block.nodelist.render(context)
  File "/home/denis/.local/lib/python3.10/site-packages/django/template/base.py", line 1016, in render
    return SafeString("".join([node.render_annotated(context) for node in self]))
  File "/home/denis/.local/lib/python3.10/site-packages/django/template/base.py", line 1016, in <listcomp>
    return SafeString("".join([node.render_annotated(context) for node in self]))
  File "/home/denis/.local/lib/python3.10/site-packages/django/template/base.py", line 977, in render_annotated
    return self.render(context)
  File "/home/denis/.local/lib/python3.10/site-packages/django/template/defaulttags.py", line 243, in render
    nodelist.append(node.render_annotated(context))
  File "/home/denis/.local/lib/python3.10/site-packages/django/template/base.py", line 977, in render_annotated
    return self.render(context)
  File "/home/denis/.local/lib/python3.10/site-packages/django/template/base.py", line 1075, in render
    output = self.filter_expression.resolve(context)
  File "/home/denis/.local/lib/python3.10/site-packages/django/template/base.py", line 722, in resolve
    obj = self.var.resolve(context)
  File "/home/denis/.local/lib/python3.10/site-packages/django/template/base.py", line 854, in resolve
    value = self._resolve_lookup(context)
  File "/home/denis/.local/lib/python3.10/site-packages/django/template/base.py", line 901, in _resolve_lookup
    current = getattr(current, bit)
  File "/home/denis/.local/lib/python3.10/site-packages/django/db/models/fields/files.py", line 69, in url
    self._require_file()
  File "/home/denis/.local/lib/python3.10/site-packages/django/db/models/fields/files.py", line 44, in _require_file
    raise ValueError(
ValueError: The 'photo' attribute has no file associated with it.
ERROR 2025-05-19 17:18:55,679 basehttp "GET /contacts/ HTTP/1.1" 500 198090
ERROR 2025-05-19 17:18:55,855 log Internal Server Error: /contacts/
Traceback (most recent call last):
  File "/home/denis/.local/lib/python3.10/site-packages/django/template/base.py", line 890, in _resolve_lookup
    raise TypeError
TypeError

During handling of the above exception, another exception occurred:

Traceback (most recent call last):
  File "/home/denis/.local/lib/python3.10/site-packages/django/core/handlers/exception.py", line 55, in inner
    response = get_response(request)
  File "/home/denis/.local/lib/python3.10/site-packages/django/core/handlers/base.py", line 197, in _get_response
    response = wrapped_callback(request, *callback_args, **callback_kwargs)
  File "/home/denis/IGI_LabWorks/IGI/LR5/CarApp/CarApp/cars/views.py", line 73, in contacts_view
    return render(request, 'contacts/contacts.html', {'masters': masters})
  File "/home/denis/.local/lib/python3.10/site-packages/django/shortcuts.py", line 25, in render
    content = loader.render_to_string(template_name, context, request, using=using)
  File "/home/denis/.local/lib/python3.10/site-packages/django/template/loader.py", line 62, in render_to_string
    return template.render(context, request)
  File "/home/denis/.local/lib/python3.10/site-packages/django/template/backends/django.py", line 107, in render
    return self.template.render(context)
  File "/home/denis/.local/lib/python3.10/site-packages/django/template/base.py", line 171, in render
    return self._render(context)
  File "/home/denis/.local/lib/python3.10/site-packages/django/template/base.py", line 163, in _render
    return self.nodelist.render(context)
  File "/home/denis/.local/lib/python3.10/site-packages/django/template/base.py", line 1016, in render
    return SafeString("".join([node.render_annotated(context) for node in self]))
  File "/home/denis/.local/lib/python3.10/site-packages/django/template/base.py", line 1016, in <listcomp>
    return SafeString("".join([node.render_annotated(context) for node in self]))
  File "/home/denis/.local/lib/python3.10/site-packages/django/template/base.py", line 977, in render_annotated
    return self.render(context)
  File "/home/denis/.local/lib/python3.10/site-packages/django/template/loader_tags.py", line 159, in render
    return compiled_parent._render(context)
  File "/home/denis/.local/lib/python3.10/site-packages/django/template/base.py", line 163, in _render
    return self.nodelist.render(context)
  File "/home/denis/.local/lib/python3.10/site-packages/django/template/base.py", line 1016, in render
    return SafeString("".join([node.render_annotated(context) for node in self]))
  File "/home/denis/.local/lib/python3.10/site-packages/django/template/base.py", line 1016, in <listcomp>
    return SafeString("".join([node.render_annotated(context) for node in self]))
  File "/home/denis/.local/lib/python3.10/site-packages/django/template/base.py", line 977, in render_annotated
    return self.render(context)
  File "/home/denis/.local/lib/python3.10/site-packages/django/template/loader_tags.py", line 65, in render
    result = block.nodelist.render(context)
  File "/home/denis/.local/lib/python3.10/site-packages/django/template/base.py", line 1016, in render
    return SafeString("".join([node.render_annotated(context) for node in self]))
  File "/home/denis/.local/lib/python3.10/site-packages/django/template/base.py", line 1016, in <listcomp>
    return SafeString("".join([node.render_annotated(context) for node in self]))
  File "/home/denis/.local/lib/python3.10/site-packages/django/template/base.py", line 977, in render_annotated
    return self.render(context)
  File "/home/denis/.local/lib/python3.10/site-packages/django/template/defaulttags.py", line 243, in render
    nodelist.append(node.render_annotated(context))
  File "/home/denis/.local/lib/python3.10/site-packages/django/template/base.py", line 977, in render_annotated
    return self.render(context)
  File "/home/denis/.local/lib/python3.10/site-packages/django/template/base.py", line 1075, in render
    output = self.filter_expression.resolve(context)
  File "/home/denis/.local/lib/python3.10/site-packages/django/template/base.py", line 722, in resolve
    obj = self.var.resolve(context)
  File "/home/denis/.local/lib/python3.10/site-packages/django/template/base.py", line 854, in resolve
    value = self._resolve_lookup(context)
  File "/home/denis/.local/lib/python3.10/site-packages/django/template/base.py", line 901, in _resolve_lookup
    current = getattr(current, bit)
  File "/home/denis/.local/lib/python3.10/site-packages/django/db/models/fields/files.py", line 69, in url
    self._require_file()
  File "/home/denis/.local/lib/python3.10/site-packages/django/db/models/fields/files.py", line 44, in _require_file
    raise ValueError(
ValueError: The 'photo' attribute has no file associated with it.
ERROR 2025-05-19 17:18:55,856 basehttp "GET /contacts/ HTTP/1.1" 500 198090
ERROR 2025-05-19 17:18:56,047 log Internal Server Error: /contacts/
Traceback (most recent call last):
  File "/home/denis/.local/lib/python3.10/site-packages/django/template/base.py", line 890, in _resolve_lookup
    raise TypeError
TypeError

During handling of the above exception, another exception occurred:

Traceback (most recent call last):
  File "/home/denis/.local/lib/python3.10/site-packages/django/core/handlers/exception.py", line 55, in inner
    response = get_response(request)
  File "/home/denis/.local/lib/python3.10/site-packages/django/core/handlers/base.py", line 197, in _get_response
    response = wrapped_callback(request, *callback_args, **callback_kwargs)
  File "/home/denis/IGI_LabWorks/IGI/LR5/CarApp/CarApp/cars/views.py", line 73, in contacts_view
    return render(request, 'contacts/contacts.html', {'masters': masters})
  File "/home/denis/.local/lib/python3.10/site-packages/django/shortcuts.py", line 25, in render
    content = loader.render_to_string(template_name, context, request, using=using)
  File "/home/denis/.local/lib/python3.10/site-packages/django/template/loader.py", line 62, in render_to_string
    return template.render(context, request)
  File "/home/denis/.local/lib/python3.10/site-packages/django/template/backends/django.py", line 107, in render
    return self.template.render(context)
  File "/home/denis/.local/lib/python3.10/site-packages/django/template/base.py", line 171, in render
    return self._render(context)
  File "/home/denis/.local/lib/python3.10/site-packages/django/template/base.py", line 163, in _render
    return self.nodelist.render(context)
  File "/home/denis/.local/lib/python3.10/site-packages/django/template/base.py", line 1016, in render
    return SafeString("".join([node.render_annotated(context) for node in self]))
  File "/home/denis/.local/lib/python3.10/site-packages/django/template/base.py", line 1016, in <listcomp>
    return SafeString("".join([node.render_annotated(context) for node in self]))
  File "/home/denis/.local/lib/python3.10/site-packages/django/template/base.py", line 977, in render_annotated
    return self.render(context)
  File "/home/denis/.local/lib/python3.10/site-packages/django/template/loader_tags.py", line 159, in render
    return compiled_parent._render(context)
  File "/home/denis/.local/lib/python3.10/site-packages/django/template/base.py", line 163, in _render
    return self.nodelist.render(context)
  File "/home/denis/.local/lib/python3.10/site-packages/django/template/base.py", line 1016, in render
    return SafeString("".join([node.render_annotated(context) for node in self]))
  File "/home/denis/.local/lib/python3.10/site-packages/django/template/base.py", line 1016, in <listcomp>
    return SafeString("".join([node.render_annotated(context) for node in self]))
  File "/home/denis/.local/lib/python3.10/site-packages/django/template/base.py", line 977, in render_annotated
    return self.render(context)
  File "/home/denis/.local/lib/python3.10/site-packages/django/template/loader_tags.py", line 65, in render
    result = block.nodelist.render(context)
  File "/home/denis/.local/lib/python3.10/site-packages/django/template/base.py", line 1016, in render
    return SafeString("".join([node.render_annotated(context) for node in self]))
  File "/home/denis/.local/lib/python3.10/site-packages/django/template/base.py", line 1016, in <listcomp>
    return SafeString("".join([node.render_annotated(context) for node in self]))
  File "/home/denis/.local/lib/python3.10/site-packages/django/template/base.py", line 977, in render_annotated
    return self.render(context)
  File "/home/denis/.local/lib/python3.10/site-packages/django/template/defaulttags.py", line 243, in render
    nodelist.append(node.render_annotated(context))
  File "/home/denis/.local/lib/python3.10/site-packages/django/template/base.py", line 977, in render_annotated
    return self.render(context)
  File "/home/denis/.local/lib/python3.10/site-packages/django/template/base.py", line 1075, in render
    output = self.filter_expression.resolve(context)
  File "/home/denis/.local/lib/python3.10/site-packages/django/template/base.py", line 722, in resolve
    obj = self.var.resolve(context)
  File "/home/denis/.local/lib/python3.10/site-packages/django/template/base.py", line 854, in resolve
    value = self._resolve_lookup(context)
  File "/home/denis/.local/lib/python3.10/site-packages/django/template/base.py", line 901, in _resolve_lookup
    current = getattr(current, bit)
  File "/home/denis/.local/lib/python3.10/site-packages/django/db/models/fields/files.py", line 69, in url
    self._require_file()
  File "/home/denis/.local/lib/python3.10/site-packages/django/db/models/fields/files.py", line 44, in _require_file
    raise ValueError(
ValueError: The 'photo' attribute has no file associated with it.
ERROR 2025-05-19 17:18:56,048 basehttp "GET /contacts/ HTTP/1.1" 500 198090
ERROR 2025-05-19 17:18:56,323 log Internal Server Error: /contacts/
Traceback (most recent call last):
  File "/home/denis/.local/lib/python3.10/site-packages/django/template/base.py", line 890, in _resolve_lookup
    raise TypeError
TypeError

During handling of the above exception, another exception occurred:

Traceback (most recent call last):
  File "/home/denis/.local/lib/python3.10/site-packages/django/core/handlers/exception.py", line 55, in inner
    response = get_response(request)
  File "/home/denis/.local/lib/python3.10/site-packages/django/core/handlers/base.py", line 197, in _get_response
    response = wrapped_callback(request, *callback_args, **callback_kwargs)
  File "/home/denis/IGI_LabWorks/IGI/LR5/CarApp/CarApp/cars/views.py", line 73, in contacts_view
    return render(request, 'contacts/contacts.html', {'masters': masters})
  File "/home/denis/.local/lib/python3.10/site-packages/django/shortcuts.py", line 25, in render
    content = loader.render_to_string(template_name, context, request, using=using)
  File "/home/denis/.local/lib/python3.10/site-packages/django/template/loader.py", line 62, in render_to_string
    return template.render(context, request)
  File "/home/denis/.local/lib/python3.10/site-packages/django/template/backends/django.py", line 107, in render
    return self.template.render(context)
  File "/home/denis/.local/lib/python3.10/site-packages/django/template/base.py", line 171, in render
    return self._render(context)
  File "/home/denis/.local/lib/python3.10/site-packages/django/template/base.py", line 163, in _render
    return self.nodelist.render(context)
  File "/home/denis/.local/lib/python3.10/site-packages/django/template/base.py", line 1016, in render
    return SafeString("".join([node.render_annotated(context) for node in self]))
  File "/home/denis/.local/lib/python3.10/site-packages/django/template/base.py", line 1016, in <listcomp>
    return SafeString("".join([node.render_annotated(context) for node in self]))
  File "/home/denis/.local/lib/python3.10/site-packages/django/template/base.py", line 977, in render_annotated
    return self.render(context)
  File "/home/denis/.local/lib/python3.10/site-packages/django/template/loader_tags.py", line 159, in render
    return compiled_parent._render(context)
  File "/home/denis/.local/lib/python3.10/site-packages/django/template/base.py", line 163, in _render
    return self.nodelist.render(context)
  File "/home/denis/.local/lib/python3.10/site-packages/django/template/base.py", line 1016, in render
    return SafeString("".join([node.render_annotated(context) for node in self]))
  File "/home/denis/.local/lib/python3.10/site-packages/django/template/base.py", line 1016, in <listcomp>
    return SafeString("".join([node.render_annotated(context) for node in self]))
  File "/home/denis/.local/lib/python3.10/site-packages/django/template/base.py", line 977, in render_annotated
    return self.render(context)
  File "/home/denis/.local/lib/python3.10/site-packages/django/template/loader_tags.py", line 65, in render
    result = block.nodelist.render(context)
  File "/home/denis/.local/lib/python3.10/site-packages/django/template/base.py", line 1016, in render
    return SafeString("".join([node.render_annotated(context) for node in self]))
  File "/home/denis/.local/lib/python3.10/site-packages/django/template/base.py", line 1016, in <listcomp>
    return SafeString("".join([node.render_annotated(context) for node in self]))
  File "/home/denis/.local/lib/python3.10/site-packages/django/template/base.py", line 977, in render_annotated
    return self.render(context)
  File "/home/denis/.local/lib/python3.10/site-packages/django/template/defaulttags.py", line 243, in render
    nodelist.append(node.render_annotated(context))
  File "/home/denis/.local/lib/python3.10/site-packages/django/template/base.py", line 977, in render_annotated
    return self.render(context)
  File "/home/denis/.local/lib/python3.10/site-packages/django/template/base.py", line 1075, in render
    output = self.filter_expression.resolve(context)
  File "/home/denis/.local/lib/python3.10/site-packages/django/template/base.py", line 722, in resolve
    obj = self.var.resolve(context)
  File "/home/denis/.local/lib/python3.10/site-packages/django/template/base.py", line 854, in resolve
    value = self._resolve_lookup(context)
  File "/home/denis/.local/lib/python3.10/site-packages/django/template/base.py", line 901, in _resolve_lookup
    current = getattr(current, bit)
  File "/home/denis/.local/lib/python3.10/site-packages/django/db/models/fields/files.py", line 69, in url
    self._require_file()
  File "/home/denis/.local/lib/python3.10/site-packages/django/db/models/fields/files.py", line 44, in _require_file
    raise ValueError(
ValueError: The 'photo' attribute has no file associated with it.
ERROR 2025-05-19 17:18:56,324 basehttp "GET /contacts/ HTTP/1.1" 500 198090
ERROR 2025-05-19 17:18:56,539 log Internal Server Error: /contacts/
Traceback (most recent call last):
  File "/home/denis/.local/lib/python3.10/site-packages/django/template/base.py", line 890, in _resolve_lookup
    raise TypeError
TypeError

During handling of the above exception, another exception occurred:

Traceback (most recent call last):
  File "/home/denis/.local/lib/python3.10/site-packages/django/core/handlers/exception.py", line 55, in inner
    response = get_response(request)
  File "/home/denis/.local/lib/python3.10/site-packages/django/core/handlers/base.py", line 197, in _get_response
    response = wrapped_callback(request, *callback_args, **callback_kwargs)
  File "/home/denis/IGI_LabWorks/IGI/LR5/CarApp/CarApp/cars/views.py", line 73, in contacts_view
    return render(request, 'contacts/contacts.html', {'masters': masters})
  File "/home/denis/.local/lib/python3.10/site-packages/django/shortcuts.py", line 25, in render
    content = loader.render_to_string(template_name, context, request, using=using)
  File "/home/denis/.local/lib/python3.10/site-packages/django/template/loader.py", line 62, in render_to_string
    return template.render(context, request)
  File "/home/denis/.local/lib/python3.10/site-packages/django/template/backends/django.py", line 107, in render
    return self.template.render(context)
  File "/home/denis/.local/lib/python3.10/site-packages/django/template/base.py", line 171, in render
    return self._render(context)
  File "/home/denis/.local/lib/python3.10/site-packages/django/template/base.py", line 163, in _render
    return self.nodelist.render(context)
  File "/home/denis/.local/lib/python3.10/site-packages/django/template/base.py", line 1016, in render
    return SafeString("".join([node.render_annotated(context) for node in self]))
  File "/home/denis/.local/lib/python3.10/site-packages/django/template/base.py", line 1016, in <listcomp>
    return SafeString("".join([node.render_annotated(context) for node in self]))
  File "/home/denis/.local/lib/python3.10/site-packages/django/template/base.py", line 977, in render_annotated
    return self.render(context)
  File "/home/denis/.local/lib/python3.10/site-packages/django/template/loader_tags.py", line 159, in render
    return compiled_parent._render(context)
  File "/home/denis/.local/lib/python3.10/site-packages/django/template/base.py", line 163, in _render
    return self.nodelist.render(context)
  File "/home/denis/.local/lib/python3.10/site-packages/django/template/base.py", line 1016, in render
    return SafeString("".join([node.render_annotated(context) for node in self]))
  File "/home/denis/.local/lib/python3.10/site-packages/django/template/base.py", line 1016, in <listcomp>
    return SafeString("".join([node.render_annotated(context) for node in self]))
  File "/home/denis/.local/lib/python3.10/site-packages/django/template/base.py", line 977, in render_annotated
    return self.render(context)
  File "/home/denis/.local/lib/python3.10/site-packages/django/template/loader_tags.py", line 65, in render
    result = block.nodelist.render(context)
  File "/home/denis/.local/lib/python3.10/site-packages/django/template/base.py", line 1016, in render
    return SafeString("".join([node.render_annotated(context) for node in self]))
  File "/home/denis/.local/lib/python3.10/site-packages/django/template/base.py", line 1016, in <listcomp>
    return SafeString("".join([node.render_annotated(context) for node in self]))
  File "/home/denis/.local/lib/python3.10/site-packages/django/template/base.py", line 977, in render_annotated
    return self.render(context)
  File "/home/denis/.local/lib/python3.10/site-packages/django/template/defaulttags.py", line 243, in render
    nodelist.append(node.render_annotated(context))
  File "/home/denis/.local/lib/python3.10/site-packages/django/template/base.py", line 977, in render_annotated
    return self.render(context)
  File "/home/denis/.local/lib/python3.10/site-packages/django/template/base.py", line 1075, in render
    output = self.filter_expression.resolve(context)
  File "/home/denis/.local/lib/python3.10/site-packages/django/template/base.py", line 722, in resolve
    obj = self.var.resolve(context)
  File "/home/denis/.local/lib/python3.10/site-packages/django/template/base.py", line 854, in resolve
    value = self._resolve_lookup(context)
  File "/home/denis/.local/lib/python3.10/site-packages/django/template/base.py", line 901, in _resolve_lookup
    current = getattr(current, bit)
  File "/home/denis/.local/lib/python3.10/site-packages/django/db/models/fields/files.py", line 69, in url
    self._require_file()
  File "/home/denis/.local/lib/python3.10/site-packages/django/db/models/fields/files.py", line 44, in _require_file
    raise ValueError(
ValueError: The 'photo' attribute has no file associated with it.
ERROR 2025-05-19 17:18:56,540 basehttp "GET /contacts/ HTTP/1.1" 500 198090
INFO 2025-05-19 17:20:19,442 autoreload /home/denis/IGI_LabWorks/IGI/LR5/CarApp/CarApp/cars/views.py changed, reloading.
INFO 2025-05-19 17:20:19,664 autoreload Watching for file changes with StatReloader
INFO 2025-05-19 17:20:21,838 autoreload /home/denis/IGI_LabWorks/IGI/LR5/CarApp/CarApp/cars/views.py changed, reloading.
INFO 2025-05-19 17:20:22,074 autoreload Watching for file changes with StatReloader
ERROR 2025-05-19 17:20:23,377 log Internal Server Error: /contacts/
Traceback (most recent call last):
  File "/home/denis/.local/lib/python3.10/site-packages/django/core/handlers/exception.py", line 55, in inner
    response = get_response(request)
  File "/home/denis/.local/lib/python3.10/site-packages/django/core/handlers/base.py", line 197, in _get_response
    response = wrapped_callback(request, *callback_args, **callback_kwargs)
  File "/home/denis/IGI_LabWorks/IGI/LR5/CarApp/CarApp/cars/views.py", line 72, in contacts_view
    print(masters[0].photo.url)
AttributeError: 'Master' object has no attribute 'photo'
ERROR 2025-05-19 17:20:23,378 basehttp "GET /contacts/ HTTP/1.1" 500 69686
INFO 2025-05-19 17:20:33,395 autoreload /home/denis/IGI_LabWorks/IGI/LR5/CarApp/CarApp/cars/views.py changed, reloading.
INFO 2025-05-19 17:20:33,614 autoreload Watching for file changes with StatReloader
ERROR 2025-05-19 17:20:41,760 log Internal Server Error: /contacts/
Traceback (most recent call last):
  File "/home/denis/.local/lib/python3.10/site-packages/django/template/base.py", line 890, in _resolve_lookup
    raise TypeError
TypeError

During handling of the above exception, another exception occurred:

Traceback (most recent call last):
  File "/home/denis/.local/lib/python3.10/site-packages/django/core/handlers/exception.py", line 55, in inner
    response = get_response(request)
  File "/home/denis/.local/lib/python3.10/site-packages/django/core/handlers/base.py", line 197, in _get_response
    response = wrapped_callback(request, *callback_args, **callback_kwargs)
  File "/home/denis/IGI_LabWorks/IGI/LR5/CarApp/CarApp/cars/views.py", line 73, in contacts_view
    return render(request, 'contacts/contacts.html', {'masters': masters})
  File "/home/denis/.local/lib/python3.10/site-packages/django/shortcuts.py", line 25, in render
    content = loader.render_to_string(template_name, context, request, using=using)
  File "/home/denis/.local/lib/python3.10/site-packages/django/template/loader.py", line 62, in render_to_string
    return template.render(context, request)
  File "/home/denis/.local/lib/python3.10/site-packages/django/template/backends/django.py", line 107, in render
    return self.template.render(context)
  File "/home/denis/.local/lib/python3.10/site-packages/django/template/base.py", line 171, in render
    return self._render(context)
  File "/home/denis/.local/lib/python3.10/site-packages/django/template/base.py", line 163, in _render
    return self.nodelist.render(context)
  File "/home/denis/.local/lib/python3.10/site-packages/django/template/base.py", line 1016, in render
    return SafeString("".join([node.render_annotated(context) for node in self]))
  File "/home/denis/.local/lib/python3.10/site-packages/django/template/base.py", line 1016, in <listcomp>
    return SafeString("".join([node.render_annotated(context) for node in self]))
  File "/home/denis/.local/lib/python3.10/site-packages/django/template/base.py", line 977, in render_annotated
    return self.render(context)
  File "/home/denis/.local/lib/python3.10/site-packages/django/template/loader_tags.py", line 159, in render
    return compiled_parent._render(context)
  File "/home/denis/.local/lib/python3.10/site-packages/django/template/base.py", line 163, in _render
    return self.nodelist.render(context)
  File "/home/denis/.local/lib/python3.10/site-packages/django/template/base.py", line 1016, in render
    return SafeString("".join([node.render_annotated(context) for node in self]))
  File "/home/denis/.local/lib/python3.10/site-packages/django/template/base.py", line 1016, in <listcomp>
    return SafeString("".join([node.render_annotated(context) for node in self]))
  File "/home/denis/.local/lib/python3.10/site-packages/django/template/base.py", line 977, in render_annotated
    return self.render(context)
  File "/home/denis/.local/lib/python3.10/site-packages/django/template/loader_tags.py", line 65, in render
    result = block.nodelist.render(context)
  File "/home/denis/.local/lib/python3.10/site-packages/django/template/base.py", line 1016, in render
    return SafeString("".join([node.render_annotated(context) for node in self]))
  File "/home/denis/.local/lib/python3.10/site-packages/django/template/base.py", line 1016, in <listcomp>
    return SafeString("".join([node.render_annotated(context) for node in self]))
  File "/home/denis/.local/lib/python3.10/site-packages/django/template/base.py", line 977, in render_annotated
    return self.render(context)
  File "/home/denis/.local/lib/python3.10/site-packages/django/template/defaulttags.py", line 243, in render
    nodelist.append(node.render_annotated(context))
  File "/home/denis/.local/lib/python3.10/site-packages/django/template/base.py", line 977, in render_annotated
    return self.render(context)
  File "/home/denis/.local/lib/python3.10/site-packages/django/template/base.py", line 1075, in render
    output = self.filter_expression.resolve(context)
  File "/home/denis/.local/lib/python3.10/site-packages/django/template/base.py", line 722, in resolve
    obj = self.var.resolve(context)
  File "/home/denis/.local/lib/python3.10/site-packages/django/template/base.py", line 854, in resolve
    value = self._resolve_lookup(context)
  File "/home/denis/.local/lib/python3.10/site-packages/django/template/base.py", line 901, in _resolve_lookup
    current = getattr(current, bit)
  File "/home/denis/.local/lib/python3.10/site-packages/django/db/models/fields/files.py", line 69, in url
    self._require_file()
  File "/home/denis/.local/lib/python3.10/site-packages/django/db/models/fields/files.py", line 44, in _require_file
    raise ValueError(
ValueError: The 'photo' attribute has no file associated with it.
ERROR 2025-05-19 17:20:41,761 basehttp "GET /contacts/ HTTP/1.1" 500 198090
ERROR 2025-05-19 17:21:47,410 log Internal Server Error: /contacts/
Traceback (most recent call last):
  File "/home/denis/.local/lib/python3.10/site-packages/django/db/backends/utils.py", line 105, in _execute
    return self.cursor.execute(sql, params)
  File "/home/denis/.local/lib/python3.10/site-packages/django/db/backends/sqlite3/base.py", line 360, in execute
    return super().execute(query, params)
sqlite3.OperationalError: no such table: cars_master

The above exception was the direct cause of the following exception:

Traceback (most recent call last):
  File "/home/denis/.local/lib/python3.10/site-packages/django/core/handlers/exception.py", line 55, in inner
    response = get_response(request)
  File "/home/denis/.local/lib/python3.10/site-packages/django/core/handlers/base.py", line 197, in _get_response
    response = wrapped_callback(request, *callback_args, **callback_kwargs)
  File "/home/denis/IGI_LabWorks/IGI/LR5/CarApp/CarApp/cars/views.py", line 72, in contacts_view
    print(masters)
  File "/home/denis/.local/lib/python3.10/site-packages/django/db/models/query.py", line 360, in __repr__
    data = list(self[: REPR_OUTPUT_SIZE + 1])
  File "/home/denis/.local/lib/python3.10/site-packages/django/db/models/query.py", line 384, in __iter__
    self._fetch_all()
  File "/home/denis/.local/lib/python3.10/site-packages/django/db/models/query.py", line 1945, in _fetch_all
    self._result_cache = list(self._iterable_class(self))
  File "/home/denis/.local/lib/python3.10/site-packages/django/db/models/query.py", line 91, in __iter__
    results = compiler.execute_sql(
  File "/home/denis/.local/lib/python3.10/site-packages/django/db/models/sql/compiler.py", line 1623, in execute_sql
    cursor.execute(sql, params)
  File "/home/denis/.local/lib/python3.10/site-packages/django/db/backends/utils.py", line 122, in execute
    return super().execute(sql, params)
  File "/home/denis/.local/lib/python3.10/site-packages/django/db/backends/utils.py", line 79, in execute
    return self._execute_with_wrappers(
  File "/home/denis/.local/lib/python3.10/site-packages/django/db/backends/utils.py", line 92, in _execute_with_wrappers
    return executor(sql, params, many, context)
  File "/home/denis/.local/lib/python3.10/site-packages/django/db/backends/utils.py", line 100, in _execute
    with self.db.wrap_database_errors:
  File "/home/denis/.local/lib/python3.10/site-packages/django/db/utils.py", line 91, in __exit__
    raise dj_exc_value.with_traceback(traceback) from exc_value
  File "/home/denis/.local/lib/python3.10/site-packages/django/db/backends/utils.py", line 105, in _execute
    return self.cursor.execute(sql, params)
  File "/home/denis/.local/lib/python3.10/site-packages/django/db/backends/sqlite3/base.py", line 360, in execute
    return super().execute(query, params)
django.db.utils.OperationalError: no such table: cars_master
ERROR 2025-05-19 17:21:47,411 basehttp "GET /contacts/ HTTP/1.1" 500 141138
ERROR 2025-05-19 17:21:48,196 log Internal Server Error: /contacts/
Traceback (most recent call last):
  File "/home/denis/.local/lib/python3.10/site-packages/django/db/backends/utils.py", line 105, in _execute
    return self.cursor.execute(sql, params)
  File "/home/denis/.local/lib/python3.10/site-packages/django/db/backends/sqlite3/base.py", line 360, in execute
    return super().execute(query, params)
sqlite3.OperationalError: no such table: cars_master

The above exception was the direct cause of the following exception:

Traceback (most recent call last):
  File "/home/denis/.local/lib/python3.10/site-packages/django/core/handlers/exception.py", line 55, in inner
    response = get_response(request)
  File "/home/denis/.local/lib/python3.10/site-packages/django/core/handlers/base.py", line 197, in _get_response
    response = wrapped_callback(request, *callback_args, **callback_kwargs)
  File "/home/denis/IGI_LabWorks/IGI/LR5/CarApp/CarApp/cars/views.py", line 72, in contacts_view
    print(masters)
  File "/home/denis/.local/lib/python3.10/site-packages/django/db/models/query.py", line 360, in __repr__
    data = list(self[: REPR_OUTPUT_SIZE + 1])
  File "/home/denis/.local/lib/python3.10/site-packages/django/db/models/query.py", line 384, in __iter__
    self._fetch_all()
  File "/home/denis/.local/lib/python3.10/site-packages/django/db/models/query.py", line 1945, in _fetch_all
    self._result_cache = list(self._iterable_class(self))
  File "/home/denis/.local/lib/python3.10/site-packages/django/db/models/query.py", line 91, in __iter__
    results = compiler.execute_sql(
  File "/home/denis/.local/lib/python3.10/site-packages/django/db/models/sql/compiler.py", line 1623, in execute_sql
    cursor.execute(sql, params)
  File "/home/denis/.local/lib/python3.10/site-packages/django/db/backends/utils.py", line 122, in execute
    return super().execute(sql, params)
  File "/home/denis/.local/lib/python3.10/site-packages/django/db/backends/utils.py", line 79, in execute
    return self._execute_with_wrappers(
  File "/home/denis/.local/lib/python3.10/site-packages/django/db/backends/utils.py", line 92, in _execute_with_wrappers
    return executor(sql, params, many, context)
  File "/home/denis/.local/lib/python3.10/site-packages/django/db/backends/utils.py", line 100, in _execute
    with self.db.wrap_database_errors:
  File "/home/denis/.local/lib/python3.10/site-packages/django/db/utils.py", line 91, in __exit__
    raise dj_exc_value.with_traceback(traceback) from exc_value
  File "/home/denis/.local/lib/python3.10/site-packages/django/db/backends/utils.py", line 105, in _execute
    return self.cursor.execute(sql, params)
  File "/home/denis/.local/lib/python3.10/site-packages/django/db/backends/sqlite3/base.py", line 360, in execute
    return super().execute(query, params)
django.db.utils.OperationalError: no such table: cars_master
ERROR 2025-05-19 17:21:48,198 basehttp "GET /contacts/ HTTP/1.1" 500 141138
INFO 2025-05-19 17:21:55,653 autoreload /home/denis/IGI_LabWorks/IGI/LR5/CarApp/CarApp/cars/views.py changed, reloading.
INFO 2025-05-19 17:21:55,991 autoreload Watching for file changes with StatReloader
ERROR 2025-05-19 17:21:57,135 log Internal Server Error: /contacts/
Traceback (most recent call last):
  File "/home/denis/.local/lib/python3.10/site-packages/django/contrib/sessions/backends/base.py", line 244, in _get_session
    return self._session_cache
AttributeError: 'SessionStore' object has no attribute '_session_cache'

During handling of the above exception, another exception occurred:

Traceback (most recent call last):
  File "/home/denis/.local/lib/python3.10/site-packages/django/db/backends/utils.py", line 105, in _execute
    return self.cursor.execute(sql, params)
  File "/home/denis/.local/lib/python3.10/site-packages/django/db/backends/sqlite3/base.py", line 360, in execute
    return super().execute(query, params)
sqlite3.OperationalError: no such table: django_session

The above exception was the direct cause of the following exception:

Traceback (most recent call last):
  File "/home/denis/.local/lib/python3.10/site-packages/django/core/handlers/exception.py", line 55, in inner
    response = get_response(request)
  File "/home/denis/.local/lib/python3.10/site-packages/django/core/handlers/base.py", line 197, in _get_response
    response = wrapped_callback(request, *callback_args, **callback_kwargs)
  File "/home/denis/IGI_LabWorks/IGI/LR5/CarApp/CarApp/cars/views.py", line 72, in contacts_view
    return render(request, 'contacts/contacts.html', {'masters': masters})
  File "/home/denis/.local/lib/python3.10/site-packages/django/shortcuts.py", line 25, in render
    content = loader.render_to_string(template_name, context, request, using=using)
  File "/home/denis/.local/lib/python3.10/site-packages/django/template/loader.py", line 62, in render_to_string
    return template.render(context, request)
  File "/home/denis/.local/lib/python3.10/site-packages/django/template/backends/django.py", line 107, in render
    return self.template.render(context)
  File "/home/denis/.local/lib/python3.10/site-packages/django/template/base.py", line 171, in render
    return self._render(context)
  File "/home/denis/.local/lib/python3.10/site-packages/django/template/base.py", line 163, in _render
    return self.nodelist.render(context)
  File "/home/denis/.local/lib/python3.10/site-packages/django/template/base.py", line 1016, in render
    return SafeString("".join([node.render_annotated(context) for node in self]))
  File "/home/denis/.local/lib/python3.10/site-packages/django/template/base.py", line 1016, in <listcomp>
    return SafeString("".join([node.render_annotated(context) for node in self]))
  File "/home/denis/.local/lib/python3.10/site-packages/django/template/base.py", line 977, in render_annotated
    return self.render(context)
  File "/home/denis/.local/lib/python3.10/site-packages/django/template/loader_tags.py", line 159, in render
    return compiled_parent._render(context)
  File "/home/denis/.local/lib/python3.10/site-packages/django/template/base.py", line 163, in _render
    return self.nodelist.render(context)
  File "/home/denis/.local/lib/python3.10/site-packages/django/template/base.py", line 1016, in render
    return SafeString("".join([node.render_annotated(context) for node in self]))
  File "/home/denis/.local/lib/python3.10/site-packages/django/template/base.py", line 1016, in <listcomp>
    return SafeString("".join([node.render_annotated(context) for node in self]))
  File "/home/denis/.local/lib/python3.10/site-packages/django/template/base.py", line 977, in render_annotated
    return self.render(context)
  File "/home/denis/.local/lib/python3.10/site-packages/django/template/defaulttags.py", line 320, in render
    match = condition.eval(context)
  File "/home/denis/.local/lib/python3.10/site-packages/django/template/defaulttags.py", line 886, in eval
    return self.value.resolve(context, ignore_failures=True)
  File "/home/denis/.local/lib/python3.10/site-packages/django/template/base.py", line 722, in resolve
    obj = self.var.resolve(context)
  File "/home/denis/.local/lib/python3.10/site-packages/django/template/base.py", line 854, in resolve
    value = self._resolve_lookup(context)
  File "/home/denis/.local/lib/python3.10/site-packages/django/template/base.py", line 891, in _resolve_lookup
    current = current[bit]
  File "/home/denis/.local/lib/python3.10/site-packages/django/utils/functional.py", line 251, in inner
    self._setup()
  File "/home/denis/.local/lib/python3.10/site-packages/django/utils/functional.py", line 404, in _setup
    self._wrapped = self._setupfunc()
  File "/home/denis/.local/lib/python3.10/site-packages/django/contrib/auth/middleware.py", line 39, in <lambda>
    request.user = SimpleLazyObject(lambda: get_user(request))
  File "/home/denis/.local/lib/python3.10/site-packages/django/contrib/auth/middleware.py", line 19, in get_user
    request._cached_user = auth.get_user(request)
  File "/home/denis/.local/lib/python3.10/site-packages/django/contrib/auth/__init__.py", line 304, in get_user
    user_id = _get_user_session_key(request)
  File "/home/denis/.local/lib/python3.10/site-packages/django/contrib/auth/__init__.py", line 95, in _get_user_session_key
    return get_user_model()._meta.pk.to_python(request.session[SESSION_KEY])
  File "/home/denis/.local/lib/python3.10/site-packages/django/contrib/sessions/backends/base.py", line 55, in __getitem__
    return self._session[key]
  File "/home/denis/.local/lib/python3.10/site-packages/django/contrib/sessions/backends/base.py", line 249, in _get_session
    self._session_cache = self.load()
  File "/home/denis/.local/lib/python3.10/site-packages/django/contrib/sessions/backends/db.py", line 55, in load
    s = self._get_session_from_db()
  File "/home/denis/.local/lib/python3.10/site-packages/django/contrib/sessions/backends/db.py", line 34, in _get_session_from_db
    return self.model.objects.get(
  File "/home/denis/.local/lib/python3.10/site-packages/django/db/models/manager.py", line 87, in manager_method
    return getattr(self.get_queryset(), name)(*args, **kwargs)
  File "/home/denis/.local/lib/python3.10/site-packages/django/db/models/query.py", line 629, in get
    num = len(clone)
  File "/home/denis/.local/lib/python3.10/site-packages/django/db/models/query.py", line 366, in __len__
    self._fetch_all()
  File "/home/denis/.local/lib/python3.10/site-packages/django/db/models/query.py", line 1945, in _fetch_all
    self._result_cache = list(self._iterable_class(self))
  File "/home/denis/.local/lib/python3.10/site-packages/django/db/models/query.py", line 91, in __iter__
    results = compiler.execute_sql(
  File "/home/denis/.local/lib/python3.10/site-packages/django/db/models/sql/compiler.py", line 1623, in execute_sql
    cursor.execute(sql, params)
  File "/home/denis/.local/lib/python3.10/site-packages/django/db/backends/utils.py", line 122, in execute
    return super().execute(sql, params)
  File "/home/denis/.local/lib/python3.10/site-packages/django/db/backends/utils.py", line 79, in execute
    return self._execute_with_wrappers(
  File "/home/denis/.local/lib/python3.10/site-packages/django/db/backends/utils.py", line 92, in _execute_with_wrappers
    return executor(sql, params, many, context)
  File "/home/denis/.local/lib/python3.10/site-packages/django/db/backends/utils.py", line 100, in _execute
    with self.db.wrap_database_errors:
  File "/home/denis/.local/lib/python3.10/site-packages/django/db/utils.py", line 91, in __exit__
    raise dj_exc_value.with_traceback(traceback) from exc_value
  File "/home/denis/.local/lib/python3.10/site-packages/django/db/backends/utils.py", line 105, in _execute
    return self.cursor.execute(sql, params)
  File "/home/denis/.local/lib/python3.10/site-packages/django/db/backends/sqlite3/base.py", line 360, in execute
    return super().execute(query, params)
django.db.utils.OperationalError: no such table: django_session
ERROR 2025-05-19 17:21:57,139 basehttp "GET /contacts/ HTTP/1.1" 500 267519
ERROR 2025-05-19 17:21:57,991 log Internal Server Error: /contacts/
Traceback (most recent call last):
  File "/home/denis/.local/lib/python3.10/site-packages/django/contrib/sessions/backends/base.py", line 244, in _get_session
    return self._session_cache
AttributeError: 'SessionStore' object has no attribute '_session_cache'

During handling of the above exception, another exception occurred:

Traceback (most recent call last):
  File "/home/denis/.local/lib/python3.10/site-packages/django/db/backends/utils.py", line 105, in _execute
    return self.cursor.execute(sql, params)
  File "/home/denis/.local/lib/python3.10/site-packages/django/db/backends/sqlite3/base.py", line 360, in execute
    return super().execute(query, params)
sqlite3.OperationalError: no such table: django_session

The above exception was the direct cause of the following exception:

Traceback (most recent call last):
  File "/home/denis/.local/lib/python3.10/site-packages/django/core/handlers/exception.py", line 55, in inner
    response = get_response(request)
  File "/home/denis/.local/lib/python3.10/site-packages/django/core/handlers/base.py", line 197, in _get_response
    response = wrapped_callback(request, *callback_args, **callback_kwargs)
  File "/home/denis/IGI_LabWorks/IGI/LR5/CarApp/CarApp/cars/views.py", line 72, in contacts_view
    return render(request, 'contacts/contacts.html', {'masters': masters})
  File "/home/denis/.local/lib/python3.10/site-packages/django/shortcuts.py", line 25, in render
    content = loader.render_to_string(template_name, context, request, using=using)
  File "/home/denis/.local/lib/python3.10/site-packages/django/template/loader.py", line 62, in render_to_string
    return template.render(context, request)
  File "/home/denis/.local/lib/python3.10/site-packages/django/template/backends/django.py", line 107, in render
    return self.template.render(context)
  File "/home/denis/.local/lib/python3.10/site-packages/django/template/base.py", line 171, in render
    return self._render(context)
  File "/home/denis/.local/lib/python3.10/site-packages/django/template/base.py", line 163, in _render
    return self.nodelist.render(context)
  File "/home/denis/.local/lib/python3.10/site-packages/django/template/base.py", line 1016, in render
    return SafeString("".join([node.render_annotated(context) for node in self]))
  File "/home/denis/.local/lib/python3.10/site-packages/django/template/base.py", line 1016, in <listcomp>
    return SafeString("".join([node.render_annotated(context) for node in self]))
  File "/home/denis/.local/lib/python3.10/site-packages/django/template/base.py", line 977, in render_annotated
    return self.render(context)
  File "/home/denis/.local/lib/python3.10/site-packages/django/template/loader_tags.py", line 159, in render
    return compiled_parent._render(context)
  File "/home/denis/.local/lib/python3.10/site-packages/django/template/base.py", line 163, in _render
    return self.nodelist.render(context)
  File "/home/denis/.local/lib/python3.10/site-packages/django/template/base.py", line 1016, in render
    return SafeString("".join([node.render_annotated(context) for node in self]))
  File "/home/denis/.local/lib/python3.10/site-packages/django/template/base.py", line 1016, in <listcomp>
    return SafeString("".join([node.render_annotated(context) for node in self]))
  File "/home/denis/.local/lib/python3.10/site-packages/django/template/base.py", line 977, in render_annotated
    return self.render(context)
  File "/home/denis/.local/lib/python3.10/site-packages/django/template/defaulttags.py", line 320, in render
    match = condition.eval(context)
  File "/home/denis/.local/lib/python3.10/site-packages/django/template/defaulttags.py", line 886, in eval
    return self.value.resolve(context, ignore_failures=True)
  File "/home/denis/.local/lib/python3.10/site-packages/django/template/base.py", line 722, in resolve
    obj = self.var.resolve(context)
  File "/home/denis/.local/lib/python3.10/site-packages/django/template/base.py", line 854, in resolve
    value = self._resolve_lookup(context)
  File "/home/denis/.local/lib/python3.10/site-packages/django/template/base.py", line 891, in _resolve_lookup
    current = current[bit]
  File "/home/denis/.local/lib/python3.10/site-packages/django/utils/functional.py", line 251, in inner
    self._setup()
  File "/home/denis/.local/lib/python3.10/site-packages/django/utils/functional.py", line 404, in _setup
    self._wrapped = self._setupfunc()
  File "/home/denis/.local/lib/python3.10/site-packages/django/contrib/auth/middleware.py", line 39, in <lambda>
    request.user = SimpleLazyObject(lambda: get_user(request))
  File "/home/denis/.local/lib/python3.10/site-packages/django/contrib/auth/middleware.py", line 19, in get_user
    request._cached_user = auth.get_user(request)
  File "/home/denis/.local/lib/python3.10/site-packages/django/contrib/auth/__init__.py", line 304, in get_user
    user_id = _get_user_session_key(request)
  File "/home/denis/.local/lib/python3.10/site-packages/django/contrib/auth/__init__.py", line 95, in _get_user_session_key
    return get_user_model()._meta.pk.to_python(request.session[SESSION_KEY])
  File "/home/denis/.local/lib/python3.10/site-packages/django/contrib/sessions/backends/base.py", line 55, in __getitem__
    return self._session[key]
  File "/home/denis/.local/lib/python3.10/site-packages/django/contrib/sessions/backends/base.py", line 249, in _get_session
    self._session_cache = self.load()
  File "/home/denis/.local/lib/python3.10/site-packages/django/contrib/sessions/backends/db.py", line 55, in load
    s = self._get_session_from_db()
  File "/home/denis/.local/lib/python3.10/site-packages/django/contrib/sessions/backends/db.py", line 34, in _get_session_from_db
    return self.model.objects.get(
  File "/home/denis/.local/lib/python3.10/site-packages/django/db/models/manager.py", line 87, in manager_method
    return getattr(self.get_queryset(), name)(*args, **kwargs)
  File "/home/denis/.local/lib/python3.10/site-packages/django/db/models/query.py", line 629, in get
    num = len(clone)
  File "/home/denis/.local/lib/python3.10/site-packages/django/db/models/query.py", line 366, in __len__
    self._fetch_all()
  File "/home/denis/.local/lib/python3.10/site-packages/django/db/models/query.py", line 1945, in _fetch_all
    self._result_cache = list(self._iterable_class(self))
  File "/home/denis/.local/lib/python3.10/site-packages/django/db/models/query.py", line 91, in __iter__
    results = compiler.execute_sql(
  File "/home/denis/.local/lib/python3.10/site-packages/django/db/models/sql/compiler.py", line 1623, in execute_sql
    cursor.execute(sql, params)
  File "/home/denis/.local/lib/python3.10/site-packages/django/db/backends/utils.py", line 122, in execute
    return super().execute(sql, params)
  File "/home/denis/.local/lib/python3.10/site-packages/django/db/backends/utils.py", line 79, in execute
    return self._execute_with_wrappers(
  File "/home/denis/.local/lib/python3.10/site-packages/django/db/backends/utils.py", line 92, in _execute_with_wrappers
    return executor(sql, params, many, context)
  File "/home/denis/.local/lib/python3.10/site-packages/django/db/backends/utils.py", line 100, in _execute
    with self.db.wrap_database_errors:
  File "/home/denis/.local/lib/python3.10/site-packages/django/db/utils.py", line 91, in __exit__
    raise dj_exc_value.with_traceback(traceback) from exc_value
  File "/home/denis/.local/lib/python3.10/site-packages/django/db/backends/utils.py", line 105, in _execute
    return self.cursor.execute(sql, params)
  File "/home/denis/.local/lib/python3.10/site-packages/django/db/backends/sqlite3/base.py", line 360, in execute
    return super().execute(query, params)
django.db.utils.OperationalError: no such table: django_session
ERROR 2025-05-19 17:21:57,993 basehttp "GET /contacts/ HTTP/1.1" 500 267521
ERROR 2025-05-19 17:21:58,726 log Internal Server Error: /contacts/
Traceback (most recent call last):
  File "/home/denis/.local/lib/python3.10/site-packages/django/contrib/sessions/backends/base.py", line 244, in _get_session
    return self._session_cache
AttributeError: 'SessionStore' object has no attribute '_session_cache'

During handling of the above exception, another exception occurred:

Traceback (most recent call last):
  File "/home/denis/.local/lib/python3.10/site-packages/django/db/backends/utils.py", line 105, in _execute
    return self.cursor.execute(sql, params)
  File "/home/denis/.local/lib/python3.10/site-packages/django/db/backends/sqlite3/base.py", line 360, in execute
    return super().execute(query, params)
sqlite3.OperationalError: no such table: django_session

The above exception was the direct cause of the following exception:

Traceback (most recent call last):
  File "/home/denis/.local/lib/python3.10/site-packages/django/core/handlers/exception.py", line 55, in inner
    response = get_response(request)
  File "/home/denis/.local/lib/python3.10/site-packages/django/core/handlers/base.py", line 197, in _get_response
    response = wrapped_callback(request, *callback_args, **callback_kwargs)
  File "/home/denis/IGI_LabWorks/IGI/LR5/CarApp/CarApp/cars/views.py", line 72, in contacts_view
    return render(request, 'contacts/contacts.html', {'masters': masters})
  File "/home/denis/.local/lib/python3.10/site-packages/django/shortcuts.py", line 25, in render
    content = loader.render_to_string(template_name, context, request, using=using)
  File "/home/denis/.local/lib/python3.10/site-packages/django/template/loader.py", line 62, in render_to_string
    return template.render(context, request)
  File "/home/denis/.local/lib/python3.10/site-packages/django/template/backends/django.py", line 107, in render
    return self.template.render(context)
  File "/home/denis/.local/lib/python3.10/site-packages/django/template/base.py", line 171, in render
    return self._render(context)
  File "/home/denis/.local/lib/python3.10/site-packages/django/template/base.py", line 163, in _render
    return self.nodelist.render(context)
  File "/home/denis/.local/lib/python3.10/site-packages/django/template/base.py", line 1016, in render
    return SafeString("".join([node.render_annotated(context) for node in self]))
  File "/home/denis/.local/lib/python3.10/site-packages/django/template/base.py", line 1016, in <listcomp>
    return SafeString("".join([node.render_annotated(context) for node in self]))
  File "/home/denis/.local/lib/python3.10/site-packages/django/template/base.py", line 977, in render_annotated
    return self.render(context)
  File "/home/denis/.local/lib/python3.10/site-packages/django/template/loader_tags.py", line 159, in render
    return compiled_parent._render(context)
  File "/home/denis/.local/lib/python3.10/site-packages/django/template/base.py", line 163, in _render
    return self.nodelist.render(context)
  File "/home/denis/.local/lib/python3.10/site-packages/django/template/base.py", line 1016, in render
    return SafeString("".join([node.render_annotated(context) for node in self]))
  File "/home/denis/.local/lib/python3.10/site-packages/django/template/base.py", line 1016, in <listcomp>
    return SafeString("".join([node.render_annotated(context) for node in self]))
  File "/home/denis/.local/lib/python3.10/site-packages/django/template/base.py", line 977, in render_annotated
    return self.render(context)
  File "/home/denis/.local/lib/python3.10/site-packages/django/template/defaulttags.py", line 320, in render
    match = condition.eval(context)
  File "/home/denis/.local/lib/python3.10/site-packages/django/template/defaulttags.py", line 886, in eval
    return self.value.resolve(context, ignore_failures=True)
  File "/home/denis/.local/lib/python3.10/site-packages/django/template/base.py", line 722, in resolve
    obj = self.var.resolve(context)
  File "/home/denis/.local/lib/python3.10/site-packages/django/template/base.py", line 854, in resolve
    value = self._resolve_lookup(context)
  File "/home/denis/.local/lib/python3.10/site-packages/django/template/base.py", line 891, in _resolve_lookup
    current = current[bit]
  File "/home/denis/.local/lib/python3.10/site-packages/django/utils/functional.py", line 251, in inner
    self._setup()
  File "/home/denis/.local/lib/python3.10/site-packages/django/utils/functional.py", line 404, in _setup
    self._wrapped = self._setupfunc()
  File "/home/denis/.local/lib/python3.10/site-packages/django/contrib/auth/middleware.py", line 39, in <lambda>
    request.user = SimpleLazyObject(lambda: get_user(request))
  File "/home/denis/.local/lib/python3.10/site-packages/django/contrib/auth/middleware.py", line 19, in get_user
    request._cached_user = auth.get_user(request)
  File "/home/denis/.local/lib/python3.10/site-packages/django/contrib/auth/__init__.py", line 304, in get_user
    user_id = _get_user_session_key(request)
  File "/home/denis/.local/lib/python3.10/site-packages/django/contrib/auth/__init__.py", line 95, in _get_user_session_key
    return get_user_model()._meta.pk.to_python(request.session[SESSION_KEY])
  File "/home/denis/.local/lib/python3.10/site-packages/django/contrib/sessions/backends/base.py", line 55, in __getitem__
    return self._session[key]
  File "/home/denis/.local/lib/python3.10/site-packages/django/contrib/sessions/backends/base.py", line 249, in _get_session
    self._session_cache = self.load()
  File "/home/denis/.local/lib/python3.10/site-packages/django/contrib/sessions/backends/db.py", line 55, in load
    s = self._get_session_from_db()
  File "/home/denis/.local/lib/python3.10/site-packages/django/contrib/sessions/backends/db.py", line 34, in _get_session_from_db
    return self.model.objects.get(
  File "/home/denis/.local/lib/python3.10/site-packages/django/db/models/manager.py", line 87, in manager_method
    return getattr(self.get_queryset(), name)(*args, **kwargs)
  File "/home/denis/.local/lib/python3.10/site-packages/django/db/models/query.py", line 629, in get
    num = len(clone)
  File "/home/denis/.local/lib/python3.10/site-packages/django/db/models/query.py", line 366, in __len__
    self._fetch_all()
  File "/home/denis/.local/lib/python3.10/site-packages/django/db/models/query.py", line 1945, in _fetch_all
    self._result_cache = list(self._iterable_class(self))
  File "/home/denis/.local/lib/python3.10/site-packages/django/db/models/query.py", line 91, in __iter__
    results = compiler.execute_sql(
  File "/home/denis/.local/lib/python3.10/site-packages/django/db/models/sql/compiler.py", line 1623, in execute_sql
    cursor.execute(sql, params)
  File "/home/denis/.local/lib/python3.10/site-packages/django/db/backends/utils.py", line 122, in execute
    return super().execute(sql, params)
  File "/home/denis/.local/lib/python3.10/site-packages/django/db/backends/utils.py", line 79, in execute
    return self._execute_with_wrappers(
  File "/home/denis/.local/lib/python3.10/site-packages/django/db/backends/utils.py", line 92, in _execute_with_wrappers
    return executor(sql, params, many, context)
  File "/home/denis/.local/lib/python3.10/site-packages/django/db/backends/utils.py", line 100, in _execute
    with self.db.wrap_database_errors:
  File "/home/denis/.local/lib/python3.10/site-packages/django/db/utils.py", line 91, in __exit__
    raise dj_exc_value.with_traceback(traceback) from exc_value
  File "/home/denis/.local/lib/python3.10/site-packages/django/db/backends/utils.py", line 105, in _execute
    return self.cursor.execute(sql, params)
  File "/home/denis/.local/lib/python3.10/site-packages/django/db/backends/sqlite3/base.py", line 360, in execute
    return super().execute(query, params)
django.db.utils.OperationalError: no such table: django_session
ERROR 2025-05-19 17:21:58,727 basehttp "GET /contacts/ HTTP/1.1" 500 267521
ERROR 2025-05-19 17:21:59,463 log Internal Server Error: /contacts/
Traceback (most recent call last):
  File "/home/denis/.local/lib/python3.10/site-packages/django/contrib/sessions/backends/base.py", line 244, in _get_session
    return self._session_cache
AttributeError: 'SessionStore' object has no attribute '_session_cache'

During handling of the above exception, another exception occurred:

Traceback (most recent call last):
  File "/home/denis/.local/lib/python3.10/site-packages/django/db/backends/utils.py", line 105, in _execute
    return self.cursor.execute(sql, params)
  File "/home/denis/.local/lib/python3.10/site-packages/django/db/backends/sqlite3/base.py", line 360, in execute
    return super().execute(query, params)
sqlite3.OperationalError: no such table: django_session

The above exception was the direct cause of the following exception:

Traceback (most recent call last):
  File "/home/denis/.local/lib/python3.10/site-packages/django/core/handlers/exception.py", line 55, in inner
    response = get_response(request)
  File "/home/denis/.local/lib/python3.10/site-packages/django/core/handlers/base.py", line 197, in _get_response
    response = wrapped_callback(request, *callback_args, **callback_kwargs)
  File "/home/denis/IGI_LabWorks/IGI/LR5/CarApp/CarApp/cars/views.py", line 72, in contacts_view
    return render(request, 'contacts/contacts.html', {'masters': masters})
  File "/home/denis/.local/lib/python3.10/site-packages/django/shortcuts.py", line 25, in render
    content = loader.render_to_string(template_name, context, request, using=using)
  File "/home/denis/.local/lib/python3.10/site-packages/django/template/loader.py", line 62, in render_to_string
    return template.render(context, request)
  File "/home/denis/.local/lib/python3.10/site-packages/django/template/backends/django.py", line 107, in render
    return self.template.render(context)
  File "/home/denis/.local/lib/python3.10/site-packages/django/template/base.py", line 171, in render
    return self._render(context)
  File "/home/denis/.local/lib/python3.10/site-packages/django/template/base.py", line 163, in _render
    return self.nodelist.render(context)
  File "/home/denis/.local/lib/python3.10/site-packages/django/template/base.py", line 1016, in render
    return SafeString("".join([node.render_annotated(context) for node in self]))
  File "/home/denis/.local/lib/python3.10/site-packages/django/template/base.py", line 1016, in <listcomp>
    return SafeString("".join([node.render_annotated(context) for node in self]))
  File "/home/denis/.local/lib/python3.10/site-packages/django/template/base.py", line 977, in render_annotated
    return self.render(context)
  File "/home/denis/.local/lib/python3.10/site-packages/django/template/loader_tags.py", line 159, in render
    return compiled_parent._render(context)
  File "/home/denis/.local/lib/python3.10/site-packages/django/template/base.py", line 163, in _render
    return self.nodelist.render(context)
  File "/home/denis/.local/lib/python3.10/site-packages/django/template/base.py", line 1016, in render
    return SafeString("".join([node.render_annotated(context) for node in self]))
  File "/home/denis/.local/lib/python3.10/site-packages/django/template/base.py", line 1016, in <listcomp>
    return SafeString("".join([node.render_annotated(context) for node in self]))
  File "/home/denis/.local/lib/python3.10/site-packages/django/template/base.py", line 977, in render_annotated
    return self.render(context)
  File "/home/denis/.local/lib/python3.10/site-packages/django/template/defaulttags.py", line 320, in render
    match = condition.eval(context)
  File "/home/denis/.local/lib/python3.10/site-packages/django/template/defaulttags.py", line 886, in eval
    return self.value.resolve(context, ignore_failures=True)
  File "/home/denis/.local/lib/python3.10/site-packages/django/template/base.py", line 722, in resolve
    obj = self.var.resolve(context)
  File "/home/denis/.local/lib/python3.10/site-packages/django/template/base.py", line 854, in resolve
    value = self._resolve_lookup(context)
  File "/home/denis/.local/lib/python3.10/site-packages/django/template/base.py", line 891, in _resolve_lookup
    current = current[bit]
  File "/home/denis/.local/lib/python3.10/site-packages/django/utils/functional.py", line 251, in inner
    self._setup()
  File "/home/denis/.local/lib/python3.10/site-packages/django/utils/functional.py", line 404, in _setup
    self._wrapped = self._setupfunc()
  File "/home/denis/.local/lib/python3.10/site-packages/django/contrib/auth/middleware.py", line 39, in <lambda>
    request.user = SimpleLazyObject(lambda: get_user(request))
  File "/home/denis/.local/lib/python3.10/site-packages/django/contrib/auth/middleware.py", line 19, in get_user
    request._cached_user = auth.get_user(request)
  File "/home/denis/.local/lib/python3.10/site-packages/django/contrib/auth/__init__.py", line 304, in get_user
    user_id = _get_user_session_key(request)
  File "/home/denis/.local/lib/python3.10/site-packages/django/contrib/auth/__init__.py", line 95, in _get_user_session_key
    return get_user_model()._meta.pk.to_python(request.session[SESSION_KEY])
  File "/home/denis/.local/lib/python3.10/site-packages/django/contrib/sessions/backends/base.py", line 55, in __getitem__
    return self._session[key]
  File "/home/denis/.local/lib/python3.10/site-packages/django/contrib/sessions/backends/base.py", line 249, in _get_session
    self._session_cache = self.load()
  File "/home/denis/.local/lib/python3.10/site-packages/django/contrib/sessions/backends/db.py", line 55, in load
    s = self._get_session_from_db()
  File "/home/denis/.local/lib/python3.10/site-packages/django/contrib/sessions/backends/db.py", line 34, in _get_session_from_db
    return self.model.objects.get(
  File "/home/denis/.local/lib/python3.10/site-packages/django/db/models/manager.py", line 87, in manager_method
    return getattr(self.get_queryset(), name)(*args, **kwargs)
  File "/home/denis/.local/lib/python3.10/site-packages/django/db/models/query.py", line 629, in get
    num = len(clone)
  File "/home/denis/.local/lib/python3.10/site-packages/django/db/models/query.py", line 366, in __len__
    self._fetch_all()
  File "/home/denis/.local/lib/python3.10/site-packages/django/db/models/query.py", line 1945, in _fetch_all
    self._result_cache = list(self._iterable_class(self))
  File "/home/denis/.local/lib/python3.10/site-packages/django/db/models/query.py", line 91, in __iter__
    results = compiler.execute_sql(
  File "/home/denis/.local/lib/python3.10/site-packages/django/db/models/sql/compiler.py", line 1623, in execute_sql
    cursor.execute(sql, params)
  File "/home/denis/.local/lib/python3.10/site-packages/django/db/backends/utils.py", line 122, in execute
    return super().execute(sql, params)
  File "/home/denis/.local/lib/python3.10/site-packages/django/db/backends/utils.py", line 79, in execute
    return self._execute_with_wrappers(
  File "/home/denis/.local/lib/python3.10/site-packages/django/db/backends/utils.py", line 92, in _execute_with_wrappers
    return executor(sql, params, many, context)
  File "/home/denis/.local/lib/python3.10/site-packages/django/db/backends/utils.py", line 100, in _execute
    with self.db.wrap_database_errors:
  File "/home/denis/.local/lib/python3.10/site-packages/django/db/utils.py", line 91, in __exit__
    raise dj_exc_value.with_traceback(traceback) from exc_value
  File "/home/denis/.local/lib/python3.10/site-packages/django/db/backends/utils.py", line 105, in _execute
    return self.cursor.execute(sql, params)
  File "/home/denis/.local/lib/python3.10/site-packages/django/db/backends/sqlite3/base.py", line 360, in execute
    return super().execute(query, params)
django.db.utils.OperationalError: no such table: django_session
ERROR 2025-05-19 17:21:59,465 basehttp "GET /contacts/ HTTP/1.1" 500 267521
ERROR 2025-05-19 17:22:03,562 log Internal Server Error: /
Traceback (most recent call last):
  File "/home/denis/.local/lib/python3.10/site-packages/django/db/backends/utils.py", line 105, in _execute
    return self.cursor.execute(sql, params)
  File "/home/denis/.local/lib/python3.10/site-packages/django/db/backends/sqlite3/base.py", line 360, in execute
    return super().execute(query, params)
sqlite3.OperationalError: no such table: cars_news

The above exception was the direct cause of the following exception:

Traceback (most recent call last):
  File "/home/denis/.local/lib/python3.10/site-packages/django/core/handlers/exception.py", line 55, in inner
    response = get_response(request)
  File "/home/denis/.local/lib/python3.10/site-packages/django/core/handlers/base.py", line 197, in _get_response
    response = wrapped_callback(request, *callback_args, **callback_kwargs)
  File "/home/denis/IGI_LabWorks/IGI/LR5/CarApp/CarApp/cars/views.py", line 14, in mainpage
    last_article = News.objects.order_by('-published_at').first() if hasattr(News, 'objects') else None
  File "/home/denis/.local/lib/python3.10/site-packages/django/db/models/query.py", line 1104, in first
    for obj in queryset[:1]:
  File "/home/denis/.local/lib/python3.10/site-packages/django/db/models/query.py", line 384, in __iter__
    self._fetch_all()
  File "/home/denis/.local/lib/python3.10/site-packages/django/db/models/query.py", line 1945, in _fetch_all
    self._result_cache = list(self._iterable_class(self))
  File "/home/denis/.local/lib/python3.10/site-packages/django/db/models/query.py", line 91, in __iter__
    results = compiler.execute_sql(
  File "/home/denis/.local/lib/python3.10/site-packages/django/db/models/sql/compiler.py", line 1623, in execute_sql
    cursor.execute(sql, params)
  File "/home/denis/.local/lib/python3.10/site-packages/django/db/backends/utils.py", line 122, in execute
    return super().execute(sql, params)
  File "/home/denis/.local/lib/python3.10/site-packages/django/db/backends/utils.py", line 79, in execute
    return self._execute_with_wrappers(
  File "/home/denis/.local/lib/python3.10/site-packages/django/db/backends/utils.py", line 92, in _execute_with_wrappers
    return executor(sql, params, many, context)
  File "/home/denis/.local/lib/python3.10/site-packages/django/db/backends/utils.py", line 100, in _execute
    with self.db.wrap_database_errors:
  File "/home/denis/.local/lib/python3.10/site-packages/django/db/utils.py", line 91, in __exit__
    raise dj_exc_value.with_traceback(traceback) from exc_value
  File "/home/denis/.local/lib/python3.10/site-packages/django/db/backends/utils.py", line 105, in _execute
    return self.cursor.execute(sql, params)
  File "/home/denis/.local/lib/python3.10/site-packages/django/db/backends/sqlite3/base.py", line 360, in execute
    return super().execute(query, params)
django.db.utils.OperationalError: no such table: cars_news
ERROR 2025-05-19 17:22:03,563 basehttp "GET / HTTP/1.1" 500 135674
INFO 2025-05-19 17:22:25,086 basehttp "GET / HTTP/1.1" 200 3858
INFO 2025-05-19 17:22:41,322 basehttp "GET / HTTP/1.1" 200 3931
INFO 2025-05-19 17:22:41,337 basehttp "GET /media/placeholder.png HTTP/1.1" 200 3944
INFO 2025-05-19 17:22:49,705 basehttp "GET /services/ HTTP/1.1" 200 7428
INFO 2025-05-19 17:23:03,371 basehttp "GET / HTTP/1.1" 200 3931
INFO 2025-05-19 17:23:06,639 basehttp "GET /admin/auth/user/ HTTP/1.1" 302 0
INFO 2025-05-19 17:23:06,658 basehttp "GET /admin/login/?next=/admin/auth/user/ HTTP/1.1" 200 4193
INFO 2025-05-19 17:23:06,713 basehttp "GET /static/admin/css/login.css HTTP/1.1" 304 0
INFO 2025-05-19 17:23:12,814 basehttp "POST /admin/login/?next=/admin/auth/user/ HTTP/1.1" 200 4361
INFO 2025-05-19 17:23:45,892 basehttp "POST /admin/login/?next=/admin/auth/user/ HTTP/1.1" 302 0
INFO 2025-05-19 17:23:45,950 basehttp "GET /admin/auth/user/ HTTP/1.1" 200 23984
INFO 2025-05-19 17:23:46,019 basehttp "GET /admin/jsi18n/ HTTP/1.1" 200 3342
INFO 2025-05-19 17:23:52,993 basehttp "GET /admin/cars/master/ HTTP/1.1" 200 17994
INFO 2025-05-19 17:23:53,010 basehttp "GET /admin/jsi18n/ HTTP/1.1" 200 3342
INFO 2025-05-19 17:23:57,796 basehttp "GET /admin/cars/master/5/change/ HTTP/1.1" 200 23014
INFO 2025-05-19 17:23:57,810 basehttp "GET /static/admin/css/forms.css HTTP/1.1" 304 0
INFO 2025-05-19 17:23:57,818 basehttp "GET /static/admin/js/prepopulate_init.js HTTP/1.1" 304 0
INFO 2025-05-19 17:23:57,821 basehttp "GET /admin/jsi18n/ HTTP/1.1" 200 3342
INFO 2025-05-19 17:23:57,824 basehttp "GET /static/admin/img/icon-changelink.svg HTTP/1.1" 304 0
INFO 2025-05-19 17:23:57,854 basehttp "GET /static/admin/img/icon-deletelink.svg HTTP/1.1" 304 0
INFO 2025-05-19 17:23:57,855 basehttp "GET /static/admin/css/widgets.css HTTP/1.1" 304 0
INFO 2025-05-19 17:23:57,902 basehttp "GET /static/admin/js/change_form.js HTTP/1.1" 304 0
INFO 2025-05-19 17:24:11,080 basehttp "GET /admin/auth/user/ HTTP/1.1" 200 23984
INFO 2025-05-19 17:24:11,099 basehttp "GET /admin/jsi18n/ HTTP/1.1" 200 3342
INFO 2025-05-19 17:24:18,491 basehttp "GET /login/ HTTP/1.1" 200 705
INFO 2025-05-19 17:24:26,721 basehttp "POST /login/ HTTP/1.1" 200 863
INFO 2025-05-19 17:24:40,704 basehttp "POST /login/ HTTP/1.1" 302 0
INFO 2025-05-19 17:24:44,967 basehttp "GET / HTTP/1.1" 200 5842
INFO 2025-05-19 17:24:45,020 basehttp "GET /media/placeholder.png HTTP/1.1" 304 0
INFO 2025-05-19 17:24:49,801 basehttp "POST /logout/ HTTP/1.1" 302 0
INFO 2025-05-19 17:24:49,808 basehttp "GET / HTTP/1.1" 200 3931
INFO 2025-05-19 17:24:51,443 basehttp "GET /login/ HTTP/1.1" 200 705
INFO 2025-05-19 17:24:59,481 basehttp "GET /admin/cars/master/ HTTP/1.1" 302 0
INFO 2025-05-19 17:24:59,487 basehttp "GET /admin/login/?next=/admin/cars/master/ HTTP/1.1" 200 4197
INFO 2025-05-19 17:25:03,858 basehttp "POST /admin/login/?next=/admin/cars/master/ HTTP/1.1" 302 0
INFO 2025-05-19 17:25:03,881 basehttp "GET /admin/cars/master/ HTTP/1.1" 200 17994
INFO 2025-05-19 17:25:03,939 basehttp "GET /admin/jsi18n/ HTTP/1.1" 200 3342
INFO 2025-05-19 17:25:09,056 basehttp "GET /admin/cars/master/2/change/ HTTP/1.1" 200 23014
INFO 2025-05-19 17:25:09,072 basehttp "GET /admin/jsi18n/ HTTP/1.1" 200 3342
INFO 2025-05-19 17:25:20,874 basehttp "GET /admin/cars/profile/ HTTP/1.1" 200 19493
INFO 2025-05-19 17:25:20,891 basehttp "GET /admin/jsi18n/ HTTP/1.1" 200 3342
WARNING 2025-05-19 17:25:30,685 log Forbidden (CSRF token from POST incorrect.): /login/
WARNING 2025-05-19 17:25:30,685 basehttp "POST /login/ HTTP/1.1" 403 2503
INFO 2025-05-19 17:25:34,468 basehttp "GET /login/ HTTP/1.1" 200 705
INFO 2025-05-19 17:25:42,148 basehttp "POST /login/ HTTP/1.1" 302 0
INFO 2025-05-19 17:25:46,767 basehttp "GET / HTTP/1.1" 200 5789
INFO 2025-05-19 17:25:46,824 basehttp "GET /media/placeholder.png HTTP/1.1" 304 0
INFO 2025-05-19 17:25:56,530 basehttp "GET /login/ HTTP/1.1" 200 705
INFO 2025-05-19 17:26:01,347 basehttp "POST /login/ HTTP/1.1" 302 0
INFO 2025-05-19 17:26:05,677 basehttp "GET / HTTP/1.1" 200 5719
INFO 2025-05-19 17:26:07,687 basehttp "GET /statistics/ HTTP/1.1" 200 6085
INFO 2025-05-19 17:28:14,558 basehttp "GET / HTTP/1.1" 200 5748
INFO 2025-05-19 17:28:14,574 basehttp "GET /media/placeholder.png HTTP/1.1" 304 0
INFO 2025-05-19 17:28:22,177 basehttp "GET /login/ HTTP/1.1" 200 705
INFO 2025-05-19 17:28:33,027 basehttp "POST /login/ HTTP/1.1" 302 0
INFO 2025-05-19 17:28:36,866 basehttp "GET / HTTP/1.1" 200 5788
INFO 2025-05-19 17:28:50,135 basehttp "GET /orders/ HTTP/1.1" 200 4115
INFO 2025-05-19 17:29:06,185 basehttp "GET /admin/cars/service/ HTTP/1.1" 302 0
INFO 2025-05-19 17:29:06,195 basehttp "GET /admin/login/?next=/admin/cars/service/ HTTP/1.1" 200 3713
INFO 2025-05-19 17:29:11,834 basehttp "POST /admin/login/?next=/admin/cars/service/ HTTP/1.1" 302 0
INFO 2025-05-19 17:29:11,854 basehttp "GET /admin/cars/service/ HTTP/1.1" 200 19815
INFO 2025-05-19 17:29:11,910 basehttp "GET /admin/jsi18n/ HTTP/1.1" 200 3342
INFO 2025-05-19 17:29:15,104 basehttp "GET /admin/cars/service/6/change/ HTTP/1.1" 200 21061
INFO 2025-05-19 17:29:15,122 basehttp "GET /admin/jsi18n/ HTTP/1.1" 200 3342
INFO 2025-05-19 17:29:22,132 basehttp "GET /admin/cars/order/ HTTP/1.1" 200 15495
INFO 2025-05-19 17:29:22,152 basehttp "GET /admin/jsi18n/ HTTP/1.1" 200 3342
INFO 2025-05-19 17:34:00,547 basehttp "GET /orders/ HTTP/1.1" 302 0
WARNING 2025-05-19 17:34:00,555 log Not Found: /accounts/login/
WARNING 2025-05-19 17:34:00,555 basehttp "GET /accounts/login/?next=/orders/ HTTP/1.1" 404 13559
INFO 2025-05-19 17:34:06,109 basehttp "GET /crud/ HTTP/1.1" 200 3994
INFO 2025-05-19 17:34:09,732 basehttp "GET / HTTP/1.1" 200 3931
INFO 2025-05-19 17:34:09,747 basehttp "GET /media/placeholder.png HTTP/1.1" 304 0
INFO 2025-05-19 17:34:13,410 basehttp "GET /login/ HTTP/1.1" 200 705
INFO 2025-05-19 17:34:27,523 basehttp "POST /login/ HTTP/1.1" 302 0
INFO 2025-05-19 17:34:32,718 basehttp "GET / HTTP/1.1" 200 5853
INFO 2025-05-19 17:34:48,502 basehttp "GET /orders/ HTTP/1.1" 200 4760
INFO 2025-05-19 17:34:57,776 basehttp "POST /logout/ HTTP/1.1" 302 0
INFO 2025-05-19 17:34:57,780 basehttp "GET / HTTP/1.1" 200 3931
INFO 2025-05-19 17:35:00,614 basehttp "GET /login/ HTTP/1.1" 200 705
INFO 2025-05-19 17:35:04,986 basehttp "POST /login/ HTTP/1.1" 200 862
INFO 2025-05-19 17:35:28,664 basehttp "POST /login/ HTTP/1.1" 302 0
INFO 2025-05-19 17:35:33,525 basehttp "GET / HTTP/1.1" 200 5507
INFO 2025-05-19 17:35:36,135 basehttp "GET /statistics/ HTTP/1.1" 200 6167
INFO 2025-05-19 17:41:00,826 autoreload /home/denis/IGI_LabWorks/IGI/LR5/CarApp/CarApp/cars/urls.py changed, reloading.
INFO 2025-05-19 17:41:01,096 autoreload Watching for file changes with StatReloader
INFO 2025-05-19 17:43:28,588 autoreload /home/denis/IGI_LabWorks/IGI/LR5/CarApp/CarApp/cars/statistics_view.py changed, reloading.
INFO 2025-05-19 17:43:28,860 autoreload Watching for file changes with StatReloader
INFO 2025-05-19 17:43:31,502 basehttp "GET /statistics/ HTTP/1.1" 200 52687
INFO 2025-05-19 17:44:19,191 autoreload /home/denis/IGI_LabWorks/IGI/LR5/CarApp/CarApp/cars/statistics_view.py changed, reloading.
INFO 2025-05-19 17:44:19,529 autoreload Watching for file changes with StatReloader
INFO 2025-05-19 17:44:24,033 autoreload /home/denis/IGI_LabWorks/IGI/LR5/CarApp/CarApp/cars/statistics_view.py changed, reloading.
INFO 2025-05-19 17:44:24,299 autoreload Watching for file changes with StatReloader
INFO 2025-05-19 17:45:22,450 basehttp "GET /statistics/ HTTP/1.1" 200 29343
INFO 2025-05-19 17:47:02,732 basehttp "GET /statistics/ HTTP/1.1" 200 29584
INFO 2025-05-19 17:47:30,072 autoreload /home/denis/IGI_LabWorks/IGI/LR5/CarApp/CarApp/cars/statistics_view.py changed, reloading.
INFO 2025-05-19 17:47:30,376 autoreload Watching for file changes with StatReloader
INFO 2025-05-19 17:47:44,026 autoreload /home/denis/IGI_LabWorks/IGI/LR5/CarApp/CarApp/cars/statistics_view.py changed, reloading.
INFO 2025-05-19 17:47:44,290 autoreload Watching for file changes with StatReloader
